type,baked_id,clientX,clientY,x,y,duration,at,maxscroll,text,target,pageview_screenWidth,pageview_screenHeight,pageview_width,pageview_height,pageview_duration,pageview_startedAt,pageview_clientStartedAt,assumed_page_index,question_assumed_page_index,event_index,accurate_timestamp,page_name,page_timestamp
move,0.0,747.0,757.0,747.0,757.0,0.0,118267,,,,1536,864,1536,864,1262615,1710512309384,1710512309317,0,0,0,118267,page_1,0
click,,747.0,757.0,747.0,757.0,,118283,,Next,"{'left': 669, 'top': 723.7999877929688, 'width': 198, 'height': 67.20000457763672, 'clientLeft': 669, 'clientTop': 723.7999877929688}",1536,864,1536,864,1262615,1710512309384,1710512309317,0,0,1,118283,page_1,0
move,0.0,1132.0,243.0,1132.0,243.0,0.0,121106,,,,1536,864,1536,864,1262615,1710512309384,1710512309317,1,0,2,121106,page_2,118564
click,,1132.0,243.0,1132.0,243.0,,121108,,Agree strongly,"{'left': 1055.2000732421875, 'top': 202, 'width': 180.8000030517578, 'height': 48, 'clientLeft': 1055.2000732421875, 'clientTop': 202}",1536,864,1536,864,1262615,1710512309384,1710512309317,1,1,3,121108,page_2,118564
move,0.0,710.0,752.0,710.0,752.0,0.0,122691,,,,1536,864,1536,864,1262615,1710512309384,1710512309317,1,1,4,122691,page_2,118564
click,,710.0,752.0,710.0,752.0,,122693,,Next,"{'left': 669, 'top': 723.7999877929688, 'width': 198, 'height': 67.20000457763672, 'clientLeft': 669, 'clientTop': 723.7999877929688}",1536,864,1536,864,1262615,1710512309384,1710512309317,1,1,5,122693,page_2,118564
move,0.0,1126.0,224.0,1126.0,224.0,0.0,125045,,,,1536,864,1536,864,1262615,1710512309384,1710512309317,2,0,6,125045,page_3,122754
click,,1126.0,224.0,1126.0,224.0,,125046,,Agree strongly,"{'left': 1091.8375244140625, 'top': 214.8000030517578, 'width': 107.5250015258789, 'height': 21.600000381469727, 'clientLeft': 1091.8375244140625, 'clientTop': 214.8000030517578}",1536,864,1536,864,1262615,1710512309384,1710512309317,2,2,7,125046,page_3,122754
move,0.0,780.0,765.0,780.0,765.0,0.0,126358,,,,1536,864,1536,864,1262615,1710512309384,1710512309317,2,2,8,126358,page_3,122754
click,,780.0,765.0,780.0,765.0,,126360,,Next,"{'left': 669, 'top': 723.7999877929688, 'width': 198, 'height': 67.20000457763672, 'clientLeft': 669, 'clientTop': 723.7999877929688}",1536,864,1536,864,1262615,1710512309384,1710512309317,2,2,9,126360,page_3,122754
move,0.0,395.0,244.0,395.0,244.0,0.0,128136,,,,1536,864,1536,864,1262615,1710512309384,1710512309317,3,0,10,128136,page_4,126417
click,,395.0,244.0,395.0,244.0,,128138,,Disagree strongly,"{'left': 300, 'top': 202, 'width': 180.8000030517578, 'height': 48, 'clientLeft': 300, 'clientTop': 202}",1536,864,1536,864,1262615,1710512309384,1710512309317,3,3,11,128138,page_4,126417
move,0.0,728.0,748.0,728.0,748.0,0.0,128985,,,,1536,864,1536,864,1262615,1710512309384,1710512309317,3,3,12,128985,page_4,126417
click,,728.0,748.0,728.0,748.0,,128986,,Next,"{'left': 669, 'top': 723.7999877929688, 'width': 198, 'height': 67.20000457763672, 'clientLeft': 669, 'clientTop': 723.7999877929688}",1536,864,1536,864,1262615,1710512309384,1710512309317,3,3,13,128986,page_4,126417
move,0.0,976.0,241.0,976.0,241.0,0.0,131208,,,,1536,864,1536,864,1262615,1710512309384,1710512309317,4,0,14,131208,page_5,129026
click,,976.0,241.0,976.0,241.0,,131209,,Agree,"{'left': 866.4000244140625, 'top': 202, 'width': 180.8000030517578, 'height': 48, 'clientLeft': 866.4000244140625, 'clientTop': 202}",1536,864,1536,864,1262615,1710512309384,1710512309317,4,4,15,131209,page_5,129026
move,0.0,748.0,756.0,748.0,756.0,0.0,132421,,,,1536,864,1536,864,1262615,1710512309384,1710512309317,4,4,16,132421,page_5,129026
click,,748.0,756.0,748.0,756.0,,132422,,Next,"{'left': 669, 'top': 723.7999877929688, 'width': 198, 'height': 67.20000457763672, 'clientLeft': 669, 'clientTop': 723.7999877929688}",1536,864,1536,864,1262615,1710512309384,1710512309317,4,4,17,132422,page_5,129026
move,0.0,524.0,222.0,524.0,222.0,0.0,135504,,,,1536,864,1536,864,1262615,1710512309384,1710512309317,5,0,18,135504,page_6,132455
click,,524.0,222.0,524.0,222.0,,135509,,Disagree,"{'left': 488.8000183105469, 'top': 202, 'width': 180.8000030517578, 'height': 48, 'clientLeft': 488.8000183105469, 'clientTop': 202}",1536,864,1536,864,1262615,1710512309384,1710512309317,5,5,19,135509,page_6,132455
move,0.0,784.0,748.0,784.0,748.0,0.0,136240,,,,1536,864,1536,864,1262615,1710512309384,1710512309317,5,5,20,136240,page_6,132455
click,,784.0,748.0,784.0,748.0,,136242,,Next,"{'left': 669, 'top': 723.7999877929688, 'width': 198, 'height': 67.20000457763672, 'clientLeft': 669, 'clientTop': 723.7999877929688}",1536,864,1536,864,1262615,1710512309384,1710512309317,5,5,21,136242,page_6,132455
move,0.0,911.0,231.0,911.0,231.0,0.0,140109,,,,1536,864,1536,864,1262615,1710512309384,1710512309317,6,0,22,140109,page_7,136276
click,,911.0,231.0,911.0,231.0,,140111,,Agree,"{'left': 866.4000244140625, 'top': 202, 'width': 180.8000030517578, 'height': 48, 'clientLeft': 866.4000244140625, 'clientTop': 202}",1536,864,1536,864,1262615,1710512309384,1710512309317,6,6,23,140111,page_7,136276
move,0.0,728.0,738.0,728.0,738.0,0.0,140788,,,,1536,864,1536,864,1262615,1710512309384,1710512309317,6,6,24,140788,page_7,136276
click,,728.0,738.0,728.0,738.0,,140789,,Next,"{'left': 669, 'top': 723.7999877929688, 'width': 198, 'height': 67.20000457763672, 'clientLeft': 669, 'clientTop': 723.7999877929688}",1536,864,1536,864,1262615,1710512309384,1710512309317,6,6,25,140789,page_7,136276
move,0.0,990.0,213.0,990.0,213.0,0.0,142454,,,,1536,864,1536,864,1262615,1710512309384,1710512309317,7,0,26,142454,page_8,140818
click,,990.0,213.0,990.0,213.0,,142456,,Agree,"{'left': 866.4000244140625, 'top': 202, 'width': 180.8000030517578, 'height': 48, 'clientLeft': 866.4000244140625, 'clientTop': 202}",1536,864,1536,864,1262615,1710512309384,1710512309317,7,7,27,142456,page_8,140818
move,0.0,767.0,728.0,767.0,728.0,0.0,143203,,,,1536,864,1536,864,1262615,1710512309384,1710512309317,7,7,28,143203,page_8,140818
click,,767.0,728.0,767.0,728.0,,143205,,Next,"{'left': 669, 'top': 723.7999877929688, 'width': 198, 'height': 67.20000457763672, 'clientLeft': 669, 'clientTop': 723.7999877929688}",1536,864,1536,864,1262615,1710512309384,1710512309317,7,7,29,143205,page_8,140818
move,0.0,404.0,248.0,404.0,248.0,0.0,144687,,,,1536,864,1536,864,1262615,1710512309384,1710512309317,8,0,30,144687,page_9,143238
click,,404.0,248.0,404.0,248.0,,144688,,Disagree strongly,"{'left': 300, 'top': 202, 'width': 180.8000030517578, 'height': 48, 'clientLeft': 300, 'clientTop': 202}",1536,864,1536,864,1262615,1710512309384,1710512309317,8,8,31,144688,page_9,143238
move,0.0,776.0,746.0,776.0,746.0,0.0,145366,,,,1536,864,1536,864,1262615,1710512309384,1710512309317,8,8,32,145366,page_9,143238
click,,776.0,746.0,776.0,746.0,,145367,,Next,"{'left': 669, 'top': 723.7999877929688, 'width': 198, 'height': 67.20000457763672, 'clientLeft': 669, 'clientTop': 723.7999877929688}",1536,864,1536,864,1262615,1710512309384,1710512309317,8,8,33,145367,page_9,143238
move,0.0,960.0,228.0,960.0,228.0,0.0,147617,,,,1536,864,1536,864,1262615,1710512309384,1710512309317,9,0,34,147617,page_10,145399
click,,960.0,228.0,960.0,228.0,,147619,,Agree,"{'left': 935.1375122070312, 'top': 214.8000030517578, 'width': 43.3125, 'height': 21.600000381469727, 'clientLeft': 935.1375122070312, 'clientTop': 214.8000030517578}",1536,864,1536,864,1262615,1710512309384,1710512309317,9,9,35,147619,page_10,145399
move,0.0,748.0,728.0,748.0,728.0,0.0,148366,,,,1536,864,1536,864,1262615,1710512309384,1710512309317,9,9,36,148366,page_10,145399
click,,748.0,728.0,748.0,728.0,,148368,,Next,"{'left': 669, 'top': 723.7999877929688, 'width': 198, 'height': 67.20000457763672, 'clientLeft': 669, 'clientTop': 723.7999877929688}",1536,864,1536,864,1262615,1710512309384,1710512309317,9,9,37,148368,page_10,145399
move,0.0,1108.0,220.0,1108.0,220.0,0.0,150781,,,,1536,864,1536,864,1262615,1710512309384,1710512309317,10,0,38,150781,page_11,148405
click,,1108.0,220.0,1108.0,220.0,,150782,,Agree strongly,"{'left': 1091.8375244140625, 'top': 214.8000030517578, 'width': 107.5250015258789, 'height': 21.600000381469727, 'clientLeft': 1091.8375244140625, 'clientTop': 214.8000030517578}",1536,864,1536,864,1262615,1710512309384,1710512309317,10,10,39,150782,page_11,148405
move,0.0,754.0,760.0,754.0,760.0,0.0,151386,,,,1536,864,1536,864,1262615,1710512309384,1710512309317,10,10,40,151386,page_11,148405
click,,754.0,760.0,754.0,760.0,,151388,,Next,"{'left': 669, 'top': 723.7999877929688, 'width': 198, 'height': 67.20000457763672, 'clientLeft': 669, 'clientTop': 723.7999877929688}",1536,864,1536,864,1262615,1710512309384,1710512309317,10,10,41,151388,page_11,148405
move,0.0,360.0,235.0,360.0,235.0,0.0,154944,,,,1536,864,1536,864,1262615,1710512309384,1710512309317,11,0,42,154944,page_12,151431
click,,360.0,235.0,360.0,235.0,,154945,,Disagree strongly,"{'left': 325.6125183105469, 'top': 214.8000030517578, 'width': 129.5625, 'height': 21.600000381469727, 'clientLeft': 325.6125183105469, 'clientTop': 214.8000030517578}",1536,864,1536,864,1262615,1710512309384,1710512309317,11,11,43,154945,page_12,151431
move,0.0,751.0,723.0,751.0,723.0,0.0,155620,,,,1536,864,1536,864,1262615,1710512309384,1710512309317,11,11,44,155620,page_12,151431
click,,751.0,723.0,751.0,723.0,,155621,,Next,"{'left': 669, 'top': 723.7999877929688, 'width': 198, 'height': 67.20000457763672, 'clientLeft': 669, 'clientTop': 723.7999877929688}",1536,864,1536,864,1262615,1710512309384,1710512309317,11,11,45,155621,page_12,151431
move,0.0,385.0,234.0,385.0,234.0,0.0,158398,,,,1536,864,1536,864,1262615,1710512309384,1710512309317,12,0,46,158398,page_13,155647
click,,385.0,234.0,385.0,234.0,,158399,,Disagree strongly,"{'left': 325.6125183105469, 'top': 214.8000030517578, 'width': 129.5625, 'height': 21.600000381469727, 'clientLeft': 325.6125183105469, 'clientTop': 214.8000030517578}",1536,864,1536,864,1262615,1710512309384,1710512309317,12,12,47,158399,page_13,155647
move,0.0,747.0,747.0,747.0,747.0,45369.0,159005,,,,1536,864,1536,864,1262615,1710512309384,1710512309317,12,12,48,159005,page_13,155647
click,,747.0,747.0,747.0,747.0,,159006,,Next,"{'left': 669, 'top': 723.7999877929688, 'width': 198, 'height': 67.20000457763672, 'clientLeft': 669, 'clientTop': 723.7999877929688}",1536,864,1536,864,1262615,1710512309384,1710512309317,12,12,50,159006,page_13,155647
move,1.0,761.0,748.0,761.0,748.0,45369.0,159005,,,,1536,864,1536,864,1262615,1710512309384,1710512309317,12,12,49,204374,page_14,159042
click,,761.0,748.0,761.0,748.0,,204376,,Next,"{'left': 669, 'top': 723.7999877929688, 'width': 198, 'height': 67.20000457763672, 'clientLeft': 669, 'clientTop': 723.7999877929688}",1536,864,1536,864,1262615,1710512309384,1710512309317,13,0,51,204376,page_14,159042
move,0.0,719.0,747.0,719.0,747.0,0.0,265270,,,,1536,864,1536,864,1262615,1710512309384,1710512309317,14,0,52,265270,page_16,263713
click,,719.0,747.0,719.0,747.0,,265271,,Next,"{'left': 669, 'top': 723.7999877929688, 'width': 198, 'height': 67.20000457763672, 'clientLeft': 669, 'clientTop': 723.7999877929688}",1536,864,1536,864,1262615,1710512309384,1710512309317,14,0,53,265271,page_16,263713
move,0.0,692.0,753.0,692.0,753.0,0.0,328280,,,,1536,864,1536,864,1262615,1710512309384,1710512309317,15,0,54,328280,page_18,324825
click,,692.0,753.0,692.0,753.0,,328282,,Next,"{'left': 669, 'top': 723.7999877929688, 'width': 198, 'height': 67.20000457763672, 'clientLeft': 669, 'clientTop': 723.7999877929688}",1536,864,1536,864,1262615,1710512309384,1710512309317,15,0,55,328282,page_18,324825
move,0.0,1137.0,239.0,1137.0,239.0,0.0,330461,,,,1536,864,1536,864,1262615,1710512309384,1710512309317,16,0,56,330461,page_19,328300
click,,1137.0,239.0,1137.0,239.0,,330464,,Agree strongly,"{'left': 1055.2000732421875, 'top': 202, 'width': 180.8000030517578, 'height': 48, 'clientLeft': 1055.2000732421875, 'clientTop': 202}",1536,864,1536,864,1262615,1710512309384,1710512309317,16,13,57,330464,page_19,328300
move,0.0,749.0,756.0,749.0,756.0,0.0,331321,,,,1536,864,1536,864,1262615,1710512309384,1710512309317,16,13,58,331321,page_19,328300
click,,749.0,756.0,749.0,756.0,,331322,,Next,"{'left': 669, 'top': 723.7999877929688, 'width': 198, 'height': 67.20000457763672, 'clientLeft': 669, 'clientTop': 723.7999877929688}",1536,864,1536,864,1262615,1710512309384,1710512309317,16,13,59,331322,page_19,328300
move,0.0,529.0,231.0,529.0,231.0,0.0,334352,,,,1536,864,1536,864,1262615,1710512309384,1710512309317,17,0,60,334352,page_20,331345
click,,529.0,231.0,529.0,231.0,,334354,,Disagree,"{'left': 488.8000183105469, 'top': 202, 'width': 180.8000030517578, 'height': 48, 'clientLeft': 488.8000183105469, 'clientTop': 202}",1536,864,1536,864,1262615,1710512309384,1710512309317,17,14,61,334354,page_20,331345
move,0.0,769.0,748.0,769.0,748.0,0.0,334948,,,,1536,864,1536,864,1262615,1710512309384,1710512309317,17,14,62,334948,page_20,331345
click,,769.0,748.0,769.0,748.0,,334949,,Next,"{'left': 669, 'top': 723.7999877929688, 'width': 198, 'height': 67.20000457763672, 'clientLeft': 669, 'clientTop': 723.7999877929688}",1536,864,1536,864,1262615,1710512309384,1710512309317,17,14,63,334949,page_20,331345
move,0.0,892.0,220.0,892.0,220.0,0.0,337576,,,,1536,864,1536,864,1262615,1710512309384,1710512309317,18,0,64,337576,page_21,334982
click,,892.0,220.0,892.0,220.0,,337577,,Agree,"{'left': 866.4000244140625, 'top': 202, 'width': 180.8000030517578, 'height': 48, 'clientLeft': 866.4000244140625, 'clientTop': 202}",1536,864,1536,864,1262615,1710512309384,1710512309317,18,15,65,337577,page_21,334982
move,0.0,724.0,742.0,724.0,742.0,0.0,338334,,,,1536,864,1536,864,1262615,1710512309384,1710512309317,18,15,66,338334,page_21,334982
click,,724.0,742.0,724.0,742.0,,338335,,Next,"{'left': 669, 'top': 723.7999877929688, 'width': 198, 'height': 67.20000457763672, 'clientLeft': 669, 'clientTop': 723.7999877929688}",1536,864,1536,864,1262615,1710512309384,1710512309317,18,15,67,338335,page_21,334982
move,0.0,531.0,235.0,531.0,235.0,0.0,340425,,,,1536,864,1536,864,1262615,1710512309384,1710512309317,19,0,68,340425,page_22,338363
click,,531.0,235.0,531.0,235.0,,340427,,Disagree,"{'left': 488.8000183105469, 'top': 202, 'width': 180.8000030517578, 'height': 48, 'clientLeft': 488.8000183105469, 'clientTop': 202}",1536,864,1536,864,1262615,1710512309384,1710512309317,19,16,69,340427,page_22,338363
move,0.0,752.0,755.0,752.0,755.0,0.0,341242,,,,1536,864,1536,864,1262615,1710512309384,1710512309317,19,16,70,341242,page_22,338363
click,,752.0,755.0,752.0,755.0,,341244,,Next,"{'left': 669, 'top': 723.7999877929688, 'width': 198, 'height': 67.20000457763672, 'clientLeft': 669, 'clientTop': 723.7999877929688}",1536,864,1536,864,1262615,1710512309384,1710512309317,19,16,71,341244,page_22,338363
move,0.0,363.0,249.0,363.0,249.0,0.0,344355,,,,1536,864,1536,864,1262615,1710512309384,1710512309317,20,0,72,344355,page_23,341262
click,,363.0,249.0,363.0,249.0,,344357,,Disagree strongly,"{'left': 300, 'top': 202, 'width': 180.8000030517578, 'height': 48, 'clientLeft': 300, 'clientTop': 202}",1536,864,1536,864,1262615,1710512309384,1710512309317,20,17,73,344357,page_23,341262
move,0.0,727.0,751.0,727.0,751.0,0.0,344921,,,,1536,864,1536,864,1262615,1710512309384,1710512309317,20,17,74,344921,page_23,341262
click,,727.0,751.0,727.0,751.0,,344923,,Next,"{'left': 669, 'top': 723.7999877929688, 'width': 198, 'height': 67.20000457763672, 'clientLeft': 669, 'clientTop': 723.7999877929688}",1536,864,1536,864,1262615,1710512309384,1710512309317,20,17,75,344923,page_23,341262
move,0.0,1142.0,222.0,1142.0,222.0,0.0,346648,,,,1536,864,1536,864,1262615,1710512309384,1710512309317,21,0,76,346648,page_24,344956
click,,1142.0,222.0,1142.0,222.0,,346650,,Agree strongly,"{'left': 1091.8375244140625, 'top': 214.8000030517578, 'width': 107.5250015258789, 'height': 21.600000381469727, 'clientLeft': 1091.8375244140625, 'clientTop': 214.8000030517578}",1536,864,1536,864,1262615,1710512309384,1710512309317,21,18,77,346650,page_24,344956
move,0.0,710.0,739.0,710.0,739.0,0.0,347730,,,,1536,864,1536,864,1262615,1710512309384,1710512309317,21,18,78,347730,page_24,344956
click,,710.0,739.0,710.0,739.0,,347731,,Next,"{'left': 669, 'top': 723.7999877929688, 'width': 198, 'height': 67.20000457763672, 'clientLeft': 669, 'clientTop': 723.7999877929688}",1536,864,1536,864,1262615,1710512309384,1710512309317,21,18,79,347731,page_24,344956
move,0.0,537.0,224.0,537.0,224.0,0.0,350670,,,,1536,864,1536,864,1262615,1710512309384,1710512309317,22,0,80,350670,page_25,347766
click,,537.0,224.0,537.0,224.0,,350671,,Disagree,"{'left': 488.8000183105469, 'top': 202, 'width': 180.8000030517578, 'height': 48, 'clientLeft': 488.8000183105469, 'clientTop': 202}",1536,864,1536,864,1262615,1710512309384,1710512309317,22,19,81,350671,page_25,347766
move,0.0,772.0,748.0,772.0,748.0,0.0,351349,,,,1536,864,1536,864,1262615,1710512309384,1710512309317,22,19,82,351349,page_25,347766
click,,772.0,748.0,772.0,748.0,,351350,,Next,"{'left': 669, 'top': 723.7999877929688, 'width': 198, 'height': 67.20000457763672, 'clientLeft': 669, 'clientTop': 723.7999877929688}",1536,864,1536,864,1262615,1710512309384,1710512309317,22,19,83,351350,page_25,347766
move,0.0,958.0,237.0,958.0,237.0,0.0,353298,,,,1536,864,1536,864,1262615,1710512309384,1710512309317,23,0,84,353298,page_26,351379
click,,958.0,237.0,958.0,237.0,,353299,,Agree,"{'left': 935.1375122070312, 'top': 214, 'width': 43.3125, 'height': 24, 'clientLeft': 935.1375122070312, 'clientTop': 214}",1536,864,1536,864,1262615,1710512309384,1710512309317,23,20,85,353299,page_26,351379
move,0.0,751.0,746.0,751.0,746.0,0.0,354885,,,,1536,864,1536,864,1262615,1710512309384,1710512309317,23,20,86,354885,page_26,351379
click,,751.0,746.0,751.0,746.0,,354887,,Next,"{'left': 669, 'top': 723.7999877929688, 'width': 198, 'height': 67.20000457763672, 'clientLeft': 669, 'clientTop': 723.7999877929688}",1536,864,1536,864,1262615,1710512309384,1710512309317,23,20,87,354887,page_26,351379
move,0.0,910.0,222.0,910.0,222.0,0.0,356783,,,,1536,864,1536,864,1262615,1710512309384,1710512309317,24,0,88,356783,page_27,354925
click,,910.0,222.0,910.0,222.0,,356784,,Agree,"{'left': 866.4000244140625, 'top': 202, 'width': 180.8000030517578, 'height': 48, 'clientLeft': 866.4000244140625, 'clientTop': 202}",1536,864,1536,864,1262615,1710512309384,1710512309317,24,21,89,356784,page_27,354925
move,0.0,727.0,740.0,727.0,740.0,0.0,357450,,,,1536,864,1536,864,1262615,1710512309384,1710512309317,24,21,90,357450,page_27,354925
click,,727.0,740.0,727.0,740.0,,357452,,Next,"{'left': 669, 'top': 723.7999877929688, 'width': 198, 'height': 67.20000457763672, 'clientLeft': 669, 'clientTop': 723.7999877929688}",1536,864,1536,864,1262615,1710512309384,1710512309317,24,21,91,357452,page_27,354925
move,0.0,347.0,239.0,347.0,239.0,0.0,358976,,,,1536,864,1536,864,1262615,1710512309384,1710512309317,25,0,92,358976,page_28,357495
click,,347.0,239.0,347.0,239.0,,358978,,Disagree strongly,"{'left': 300, 'top': 202, 'width': 180.8000030517578, 'height': 48, 'clientLeft': 300, 'clientTop': 202}",1536,864,1536,864,1262615,1710512309384,1710512309317,25,22,93,358978,page_28,357495
move,0.0,776.0,747.0,776.0,747.0,0.0,359501,,,,1536,864,1536,864,1262615,1710512309384,1710512309317,25,22,94,359501,page_28,357495
click,,776.0,747.0,776.0,747.0,,359503,,Next,"{'left': 669, 'top': 723.7999877929688, 'width': 198, 'height': 67.20000457763672, 'clientLeft': 669, 'clientTop': 723.7999877929688}",1536,864,1536,864,1262615,1710512309384,1710512309317,25,22,95,359503,page_28,357495
move,0.0,374.0,244.0,374.0,244.0,0.0,361875,,,,1536,864,1536,864,1262615,1710512309384,1710512309317,26,0,96,361875,page_29,359545
click,,374.0,244.0,374.0,244.0,,361877,,Disagree strongly,"{'left': 300, 'top': 202, 'width': 180.8000030517578, 'height': 48, 'clientLeft': 300, 'clientTop': 202}",1536,864,1536,864,1262615,1710512309384,1710512309317,26,23,97,361877,page_29,359545
move,0.0,760.0,744.0,760.0,744.0,0.0,362401,,,,1536,864,1536,864,1262615,1710512309384,1710512309317,26,23,98,362401,page_29,359545
click,,760.0,744.0,760.0,744.0,,362402,,Next,"{'left': 669, 'top': 723.7999877929688, 'width': 198, 'height': 67.20000457763672, 'clientLeft': 669, 'clientTop': 723.7999877929688}",1536,864,1536,864,1262615,1710512309384,1710512309317,26,23,99,362402,page_29,359545
move,0.0,1098.0,220.0,1098.0,220.0,0.0,365200,,,,1536,864,1536,864,1262615,1710512309384,1710512309317,27,0,100,365200,page_30,362429
click,,1098.0,220.0,1098.0,220.0,,365201,,Agree strongly,"{'left': 1091.8375244140625, 'top': 214.8000030517578, 'width': 107.5250015258789, 'height': 21.600000381469727, 'clientLeft': 1091.8375244140625, 'clientTop': 214.8000030517578}",1536,864,1536,864,1262615,1710512309384,1710512309317,27,24,101,365201,page_30,362429
move,0.0,789.0,756.0,789.0,756.0,1970.0,366706,,,,1536,864,1536,864,1262615,1710512309384,1710512309317,27,24,102,366706,page_30,362429
click,,789.0,756.0,789.0,756.0,,366707,,Next,"{'left': 669, 'top': 723.7999877929688, 'width': 198, 'height': 67.20000457763672, 'clientLeft': 669, 'clientTop': 723.7999877929688}",1536,864,1536,864,1262615,1710512309384,1710512309317,27,24,104,366707,page_30,362429
move,1.0,727.0,727.0,727.0,727.0,1970.0,366706,,,,1536,864,1536,864,1262615,1710512309384,1710512309317,27,24,103,368676,page_31,366735
click,,727.0,727.0,727.0,727.0,,368676,,Next,"{'left': 669, 'top': 723.7999877929688, 'width': 198, 'height': 67.20000457763672, 'clientLeft': 669, 'clientTop': 723.7999877929688}",1536,864,1536,864,1262615,1710512309384,1710512309317,28,0,105,368676,page_31,366735
move,0.0,760.0,747.0,760.0,747.0,0.0,429937,,,,1536,864,1536,864,1262615,1710512309384,1710512309317,29,0,106,429937,page_33,428036
click,,760.0,747.0,760.0,747.0,,429938,,Next,"{'left': 669, 'top': 723.7999877929688, 'width': 198, 'height': 67.20000457763672, 'clientLeft': 669, 'clientTop': 723.7999877929688}",1536,864,1536,864,1262615,1710512309384,1710512309317,29,0,107,429938,page_33,428036
move,0.0,723.0,742.0,723.0,742.0,0.0,490572,,,,1536,864,1536,864,1262615,1710512309384,1710512309317,30,0,108,490572,page_35,489159
click,,723.0,742.0,723.0,742.0,,490573,,Next,"{'left': 669, 'top': 723.7999877929688, 'width': 198, 'height': 67.20000457763672, 'clientLeft': 669, 'clientTop': 723.7999877929688}",1536,864,1536,864,1262615,1710512309384,1710512309317,30,0,109,490573,page_35,489159
move,0.0,524.0,242.0,524.0,242.0,0.0,494088,,,,1536,864,1536,864,1262615,1710512309384,1710512309317,31,0,110,494088,page_36,490596
click,,524.0,242.0,524.0,242.0,,494090,,Disagree,"{'left': 488.8000183105469, 'top': 202, 'width': 180.8000030517578, 'height': 48, 'clientLeft': 488.8000183105469, 'clientTop': 202}",1536,864,1536,864,1262615,1710512309384,1710512309317,31,25,111,494090,page_36,490596
move,0.0,786.0,764.0,786.0,764.0,0.0,495200,,,,1536,864,1536,864,1262615,1710512309384,1710512309317,31,25,112,495200,page_36,490596
click,,786.0,764.0,786.0,764.0,,495201,,Next,"{'left': 669, 'top': 723.7999877929688, 'width': 198, 'height': 67.20000457763672, 'clientLeft': 669, 'clientTop': 723.7999877929688}",1536,864,1536,864,1262615,1710512309384,1710512309317,31,25,113,495201,page_36,490596
move,0.0,368.0,230.0,368.0,230.0,0.0,496887,,,,1536,864,1536,864,1262615,1710512309384,1710512309317,32,0,114,496887,page_37,495219
click,,368.0,230.0,368.0,230.0,,496888,,Disagree strongly,"{'left': 325.6125183105469, 'top': 214.8000030517578, 'width': 129.5625, 'height': 21.600000381469727, 'clientLeft': 325.6125183105469, 'clientTop': 214.8000030517578}",1536,864,1536,864,1262615,1710512309384,1710512309317,32,26,115,496888,page_37,495219
move,0.0,548.0,244.0,548.0,244.0,0.0,497504,,,,1536,864,1536,864,1262615,1710512309384,1710512309317,32,26,116,497504,page_37,495219
click,,548.0,244.0,548.0,244.0,,497506,,Disagree,"{'left': 488.8000183105469, 'top': 202, 'width': 180.8000030517578, 'height': 48, 'clientLeft': 488.8000183105469, 'clientTop': 202}",1536,864,1536,864,1262615,1710512309384,1710512309317,32,26,117,497506,page_37,495219
move,0.0,748.0,762.0,748.0,762.0,0.0,498039,,,,1536,864,1536,864,1262615,1710512309384,1710512309317,32,26,118,498039,page_37,495219
click,,748.0,762.0,748.0,762.0,,498040,,Next,"{'left': 669, 'top': 723.7999877929688, 'width': 198, 'height': 67.20000457763672, 'clientLeft': 669, 'clientTop': 723.7999877929688}",1536,864,1536,864,1262615,1710512309384,1710512309317,32,26,119,498040,page_37,495219
move,0.0,914.0,235.0,914.0,235.0,0.0,499443,,,,1536,864,1536,864,1262615,1710512309384,1710512309317,33,0,120,499443,page_38,498066
click,,914.0,235.0,914.0,235.0,,499446,,Agree,"{'left': 866.4000244140625, 'top': 202, 'width': 180.8000030517578, 'height': 48, 'clientLeft': 866.4000244140625, 'clientTop': 202}",1536,864,1536,864,1262615,1710512309384,1710512309317,33,27,121,499446,page_38,498066
move,0.0,748.0,745.0,748.0,745.0,0.0,500009,,,,1536,864,1536,864,1262615,1710512309384,1710512309317,33,27,122,500009,page_38,498066
click,,748.0,745.0,748.0,745.0,,500010,,Next,"{'left': 669, 'top': 723.7999877929688, 'width': 198, 'height': 67.20000457763672, 'clientLeft': 669, 'clientTop': 723.7999877929688}",1536,864,1536,864,1262615,1710512309384,1710512309317,33,27,123,500010,page_38,498066
move,0.0,386.0,243.0,386.0,243.0,0.0,501303,,,,1536,864,1536,864,1262615,1710512309384,1710512309317,34,0,124,501303,page_39,500040
click,,386.0,243.0,386.0,243.0,,501307,,Disagree strongly,"{'left': 300, 'top': 202, 'width': 180.8000030517578, 'height': 48, 'clientLeft': 300, 'clientTop': 202}",1536,864,1536,864,1262615,1710512309384,1710512309317,34,28,125,501307,page_39,500040
move,0.0,786.0,764.0,786.0,764.0,0.0,502820,,,,1536,864,1536,864,1262615,1710512309384,1710512309317,34,28,126,502820,page_39,500040
click,,786.0,764.0,786.0,764.0,,502823,,Next,"{'left': 669, 'top': 723.7999877929688, 'width': 198, 'height': 67.20000457763672, 'clientLeft': 669, 'clientTop': 723.7999877929688}",1536,864,1536,864,1262615,1710512309384,1710512309317,34,28,127,502823,page_39,500040
move,0.0,959.0,238.0,959.0,238.0,0.0,506142,,,,1536,864,1536,864,1262615,1710512309384,1710512309317,35,0,128,506142,page_40,502857
click,,959.0,238.0,959.0,238.0,,506143,,Agree,"{'left': 866.4000244140625, 'top': 202, 'width': 180.8000030517578, 'height': 48, 'clientLeft': 866.4000244140625, 'clientTop': 202}",1536,864,1536,864,1262615,1710512309384,1710512309317,35,29,129,506143,page_40,502857
move,0.0,750.0,746.0,750.0,746.0,0.0,506791,,,,1536,864,1536,864,1262615,1710512309384,1710512309317,35,29,130,506791,page_40,502857
click,,750.0,746.0,750.0,746.0,,506792,,Next,"{'left': 669, 'top': 723.7999877929688, 'width': 198, 'height': 67.20000457763672, 'clientLeft': 669, 'clientTop': 723.7999877929688}",1536,864,1536,864,1262615,1710512309384,1710512309317,35,29,131,506792,page_40,502857
move,0.0,523.0,222.0,523.0,222.0,0.0,508770,,,,1536,864,1536,864,1262615,1710512309384,1710512309317,36,0,132,508770,page_41,506813
click,,523.0,222.0,523.0,222.0,,508772,,Disagree,"{'left': 488.8000183105469, 'top': 202, 'width': 180.8000030517578, 'height': 48, 'clientLeft': 488.8000183105469, 'clientTop': 202}",1536,864,1536,864,1262615,1710512309384,1710512309317,36,30,133,508772,page_41,506813
move,0.0,782.0,760.0,782.0,760.0,0.0,509316,,,,1536,864,1536,864,1262615,1710512309384,1710512309317,36,30,134,509316,page_41,506813
click,,782.0,760.0,782.0,760.0,,509317,,Next,"{'left': 669, 'top': 723.7999877929688, 'width': 198, 'height': 67.20000457763672, 'clientLeft': 669, 'clientTop': 723.7999877929688}",1536,864,1536,864,1262615,1710512309384,1710512309317,36,30,135,509317,page_41,506813
move,0.0,366.0,245.0,366.0,245.0,0.0,510639,,,,1536,864,1536,864,1262615,1710512309384,1710512309317,37,0,136,510639,page_42,509340
click,,366.0,245.0,366.0,245.0,,510640,,Disagree strongly,"{'left': 300, 'top': 202, 'width': 180.8000030517578, 'height': 48, 'clientLeft': 300, 'clientTop': 202}",1536,864,1536,864,1262615,1710512309384,1710512309317,37,31,137,510640,page_42,509340
move,0.0,788.0,744.0,788.0,744.0,0.0,511235,,,,1536,864,1536,864,1262615,1710512309384,1710512309317,37,31,138,511235,page_42,509340
click,,788.0,744.0,788.0,744.0,,511236,,Next,"{'left': 669, 'top': 723.7999877929688, 'width': 198, 'height': 67.20000457763672, 'clientLeft': 669, 'clientTop': 723.7999877929688}",1536,864,1536,864,1262615,1710512309384,1710512309317,37,31,139,511236,page_42,509340
move,0.0,956.0,240.0,956.0,240.0,0.0,514609,,,,1536,864,1536,864,1262615,1710512309384,1710512309317,38,0,140,514609,page_43,511260
click,,956.0,240.0,956.0,240.0,,514611,,Agree,"{'left': 866.4000244140625, 'top': 202, 'width': 180.8000030517578, 'height': 48, 'clientLeft': 866.4000244140625, 'clientTop': 202}",1536,864,1536,864,1262615,1710512309384,1710512309317,38,32,141,514611,page_43,511260
move,0.0,747.0,747.0,747.0,747.0,0.0,515147,,,,1536,864,1536,864,1262615,1710512309384,1710512309317,38,32,142,515147,page_43,511260
click,,747.0,747.0,747.0,747.0,,515149,,Next,"{'left': 669, 'top': 723.7999877929688, 'width': 198, 'height': 67.20000457763672, 'clientLeft': 669, 'clientTop': 723.7999877929688}",1536,864,1536,864,1262615,1710512309384,1710512309317,38,32,143,515149,page_43,511260
move,0.0,1097.0,229.0,1097.0,229.0,0.0,516449,,,,1536,864,1536,864,1262615,1710512309384,1710512309317,39,0,144,516449,page_44,515170
click,,1097.0,229.0,1097.0,229.0,,516450,,Agree strongly,"{'left': 1091.8375244140625, 'top': 214.8000030517578, 'width': 107.5250015258789, 'height': 21.600000381469727, 'clientLeft': 1091.8375244140625, 'clientTop': 214.8000030517578}",1536,864,1536,864,1262615,1710512309384,1710512309317,39,33,145,516450,page_44,515170
move,0.0,759.0,747.0,759.0,747.0,0.0,517116,,,,1536,864,1536,864,1262615,1710512309384,1710512309317,39,33,146,517116,page_44,515170
click,,759.0,747.0,759.0,747.0,,517118,,Next,"{'left': 669, 'top': 723.7999877929688, 'width': 198, 'height': 67.20000457763672, 'clientLeft': 669, 'clientTop': 723.7999877929688}",1536,864,1536,864,1262615,1710512309384,1710512309317,39,33,147,517118,page_44,515170
move,0.0,914.0,228.0,914.0,228.0,0.0,518873,,,,1536,864,1536,864,1262615,1710512309384,1710512309317,40,0,148,518873,page_45,517140
click,,914.0,228.0,914.0,228.0,,518875,,Agree,"{'left': 866.4000244140625, 'top': 202, 'width': 180.8000030517578, 'height': 48, 'clientLeft': 866.4000244140625, 'clientTop': 202}",1536,864,1536,864,1262615,1710512309384,1710512309317,40,34,149,518875,page_45,517140
move,0.0,402.0,232.0,402.0,232.0,0.0,521410,,,,1536,864,1536,864,1262615,1710512309384,1710512309317,40,34,150,521410,page_45,517140
click,,402.0,232.0,402.0,232.0,,521412,,Disagree strongly,"{'left': 325.6125183105469, 'top': 214.8000030517578, 'width': 129.5625, 'height': 21.600000381469727, 'clientLeft': 325.6125183105469, 'clientTop': 214.8000030517578}",1536,864,1536,864,1262615,1710512309384,1710512309317,40,34,151,521412,page_45,517140
move,0.0,569.0,226.0,569.0,226.0,0.0,522125,,,,1536,864,1536,864,1262615,1710512309384,1710512309317,40,34,152,522125,page_45,517140
click,,569.0,226.0,569.0,226.0,,522127,,Disagree,"{'left': 546.5125122070312, 'top': 214.8000030517578, 'width': 65.36250305175781, 'height': 21.600000381469727, 'clientLeft': 546.5125122070312, 'clientTop': 214.8000030517578}",1536,864,1536,864,1262615,1710512309384,1710512309317,40,34,153,522127,page_45,517140
move,0.0,767.0,745.0,767.0,745.0,0.0,522612,,,,1536,864,1536,864,1262615,1710512309384,1710512309317,40,34,154,522612,page_45,517140
click,,767.0,745.0,767.0,745.0,,522614,,Next,"{'left': 669, 'top': 723.7999877929688, 'width': 198, 'height': 67.20000457763672, 'clientLeft': 669, 'clientTop': 723.7999877929688}",1536,864,1536,864,1262615,1710512309384,1710512309317,40,34,155,522614,page_45,517140
move,0.0,900.0,232.0,900.0,232.0,0.0,523996,,,,1536,864,1536,864,1262615,1710512309384,1710512309317,41,0,156,523996,page_46,522640
click,,900.0,232.0,900.0,232.0,,523998,,Agree,"{'left': 866.4000244140625, 'top': 202, 'width': 180.8000030517578, 'height': 48, 'clientLeft': 866.4000244140625, 'clientTop': 202}",1536,864,1536,864,1262615,1710512309384,1710512309317,41,35,157,523998,page_46,522640
move,0.0,729.0,753.0,729.0,753.0,0.0,524654,,,,1536,864,1536,864,1262615,1710512309384,1710512309317,41,35,158,524654,page_46,522640
click,,729.0,753.0,729.0,753.0,,524656,,Next,"{'left': 669, 'top': 723.7999877929688, 'width': 198, 'height': 67.20000457763672, 'clientLeft': 669, 'clientTop': 723.7999877929688}",1536,864,1536,864,1262615,1710512309384,1710512309317,41,35,159,524656,page_46,522640
move,0.0,932.0,229.0,932.0,229.0,0.0,529028,,,,1536,864,1536,864,1262615,1710512309384,1710512309317,42,0,160,529028,page_47,524684
click,,932.0,229.0,932.0,229.0,,529030,,Agree,"{'left': 866.4000244140625, 'top': 202, 'width': 180.8000030517578, 'height': 48, 'clientLeft': 866.4000244140625, 'clientTop': 202}",1536,864,1536,864,1262615,1710512309384,1710512309317,42,36,161,529030,page_47,524684
move,0.0,571.0,236.0,571.0,236.0,0.0,530483,,,,1536,864,1536,864,1262615,1710512309384,1710512309317,42,36,162,530483,page_47,524684
click,,571.0,236.0,571.0,236.0,,530485,,Disagree,"{'left': 546.5125122070312, 'top': 214.8000030517578, 'width': 65.36250305175781, 'height': 21.600000381469727, 'clientLeft': 546.5125122070312, 'clientTop': 214.8000030517578}",1536,864,1536,864,1262615,1710512309384,1710512309317,42,36,163,530485,page_47,524684
move,0.0,767.0,748.0,767.0,748.0,2981.0,531322,,,,1536,864,1536,864,1262615,1710512309384,1710512309317,42,36,164,531322,page_47,524684
click,,767.0,748.0,767.0,748.0,,531323,,Next,"{'left': 669, 'top': 723.7999877929688, 'width': 198, 'height': 67.20000457763672, 'clientLeft': 669, 'clientTop': 723.7999877929688}",1536,864,1536,864,1262615,1710512309384,1710512309317,42,36,166,531323,page_47,524684
move,1.0,763.0,747.0,763.0,747.0,2981.0,531322,,,,1536,864,1536,864,1262615,1710512309384,1710512309317,42,36,165,534303,page_48,531344
click,,763.0,747.0,763.0,747.0,,534303,,Next,"{'left': 669, 'top': 723.7999877929688, 'width': 198, 'height': 67.20000457763672, 'clientLeft': 669, 'clientTop': 723.7999877929688}",1536,864,1536,864,1262615,1710512309384,1710512309317,43,0,167,534303,page_48,531344
move,0.0,745.0,756.0,745.0,756.0,0.0,597030,,,,1536,864,1536,864,1262615,1710512309384,1710512309317,44,0,168,597030,page_50,594329
click,,745.0,756.0,745.0,756.0,,597031,,Next,"{'left': 669, 'top': 723.7999877929688, 'width': 198, 'height': 67.20000457763672, 'clientLeft': 669, 'clientTop': 723.7999877929688}",1536,864,1536,864,1262615,1710512309384,1710512309317,44,0,169,597031,page_50,594329
move,0.0,756.0,728.0,756.0,728.0,0.0,657737,,,,1536,864,1536,864,1262615,1710512309384,1710512309317,45,0,170,657737,page_52,656473
click,,756.0,728.0,756.0,728.0,,657739,,Next,"{'left': 669, 'top': 723.7999877929688, 'width': 198, 'height': 67.20000457763672, 'clientLeft': 669, 'clientTop': 723.7999877929688}",1536,864,1536,864,1262615,1710512309384,1710512309317,45,0,171,657739,page_52,656473
move,0.0,549.0,237.0,549.0,237.0,0.0,659777,,,,1536,864,1536,864,1262615,1710512309384,1710512309317,46,0,172,659777,page_53,657764
click,,549.0,237.0,549.0,237.0,,659781,,Disagree,"{'left': 546.5125122070312, 'top': 214, 'width': 65.36250305175781, 'height': 24, 'clientLeft': 546.5125122070312, 'clientTop': 214}",1536,864,1536,864,1262615,1710512309384,1710512309317,46,37,173,659781,page_53,657764
move,0.0,766.0,728.0,766.0,728.0,0.0,660382,,,,1536,864,1536,864,1262615,1710512309384,1710512309317,46,37,174,660382,page_53,657764
click,,766.0,728.0,766.0,728.0,,660383,,Next,"{'left': 669, 'top': 723.7999877929688, 'width': 198, 'height': 67.20000457763672, 'clientLeft': 669, 'clientTop': 723.7999877929688}",1536,864,1536,864,1262615,1710512309384,1710512309317,46,37,175,660383,page_53,657764
move,0.0,1116.0,232.0,1116.0,232.0,0.0,662363,,,,1536,864,1536,864,1262615,1710512309384,1710512309317,47,0,176,662363,page_54,660423
click,,1116.0,232.0,1116.0,232.0,,662364,,Agree strongly,"{'left': 1091.8375244140625, 'top': 214.8000030517578, 'width': 107.5250015258789, 'height': 21.600000381469727, 'clientLeft': 1091.8375244140625, 'clientTop': 214.8000030517578}",1536,864,1536,864,1262615,1710512309384,1710512309317,47,38,177,662364,page_54,660423
move,0.0,786.0,724.0,786.0,724.0,0.0,662969,,,,1536,864,1536,864,1262615,1710512309384,1710512309317,47,38,178,662969,page_54,660423
click,,786.0,724.0,786.0,724.0,,662972,,Next,"{'left': 669, 'top': 723.7999877929688, 'width': 198, 'height': 67.20000457763672, 'clientLeft': 669, 'clientTop': 723.7999877929688}",1536,864,1536,864,1262615,1710512309384,1710512309317,47,38,179,662972,page_54,660423
move,0.0,561.0,234.0,561.0,234.0,0.0,665261,,,,1536,864,1536,864,1262615,1710512309384,1710512309317,48,0,180,665261,page_55,663006
click,,561.0,234.0,561.0,234.0,,665263,,Disagree,"{'left': 546.5125122070312, 'top': 214.8000030517578, 'width': 65.36250305175781, 'height': 21.600000381469727, 'clientLeft': 546.5125122070312, 'clientTop': 214.8000030517578}",1536,864,1536,864,1262615,1710512309384,1710512309317,48,39,181,665263,page_55,663006
move,0.0,767.0,747.0,767.0,747.0,0.0,665828,,,,1536,864,1536,864,1262615,1710512309384,1710512309317,48,39,182,665828,page_55,663006
click,,767.0,747.0,767.0,747.0,,665830,,Next,"{'left': 669, 'top': 723.7999877929688, 'width': 198, 'height': 67.20000457763672, 'clientLeft': 669, 'clientTop': 723.7999877929688}",1536,864,1536,864,1262615,1710512309384,1710512309317,48,39,183,665830,page_55,663006
move,0.0,900.0,226.0,900.0,226.0,0.0,668274,,,,1536,864,1536,864,1262615,1710512309384,1710512309317,49,0,184,668274,page_56,665852
click,,900.0,226.0,900.0,226.0,,668275,,Agree,"{'left': 866.4000244140625, 'top': 202, 'width': 180.8000030517578, 'height': 48, 'clientLeft': 866.4000244140625, 'clientTop': 202}",1536,864,1536,864,1262615,1710512309384,1710512309317,49,40,185,668275,page_56,665852
move,0.0,726.0,226.0,726.0,226.0,0.0,669477,,,,1536,864,1536,864,1262615,1710512309384,1710512309317,49,40,186,669477,page_56,665852
click,,726.0,226.0,726.0,226.0,,669480,,Neutral,"{'left': 677.6000366210938, 'top': 202, 'width': 180.8000030517578, 'height': 48, 'clientLeft': 677.6000366210938, 'clientTop': 202}",1536,864,1536,864,1262615,1710512309384,1710512309317,49,40,187,669480,page_56,665852
move,0.0,774.0,747.0,774.0,747.0,0.0,671517,,,,1536,864,1536,864,1262615,1710512309384,1710512309317,49,40,188,671517,page_56,665852
click,,774.0,747.0,774.0,747.0,,671518,,Next,"{'left': 669, 'top': 723.7999877929688, 'width': 198, 'height': 67.20000457763672, 'clientLeft': 669, 'clientTop': 723.7999877929688}",1536,864,1536,864,1262615,1710512309384,1710512309317,49,40,189,671518,page_56,665852
move,0.0,1124.0,235.0,1124.0,235.0,0.0,672820,,,,1536,864,1536,864,1262615,1710512309384,1710512309317,50,0,190,672820,page_57,671552
click,,1124.0,235.0,1124.0,235.0,,672822,,Agree strongly,"{'left': 1091.8375244140625, 'top': 214.8000030517578, 'width': 107.5250015258789, 'height': 21.600000381469727, 'clientLeft': 1091.8375244140625, 'clientTop': 214.8000030517578}",1536,864,1536,864,1262615,1710512309384,1710512309317,50,41,191,672822,page_57,671552
move,0.0,752.0,745.0,752.0,745.0,0.0,673468,,,,1536,864,1536,864,1262615,1710512309384,1710512309317,50,41,192,673468,page_57,671552
click,,752.0,745.0,752.0,745.0,,673469,,Next,"{'left': 669, 'top': 723.7999877929688, 'width': 198, 'height': 67.20000457763672, 'clientLeft': 669, 'clientTop': 723.7999877929688}",1536,864,1536,864,1262615,1710512309384,1710512309317,50,41,193,673469,page_57,671552
move,0.0,531.0,215.0,531.0,215.0,0.0,674902,,,,1536,864,1536,864,1262615,1710512309384,1710512309317,51,0,194,674902,page_58,673497
click,,531.0,215.0,531.0,215.0,,674903,,Disagree,"{'left': 488.8000183105469, 'top': 202, 'width': 180.8000030517578, 'height': 48, 'clientLeft': 488.8000183105469, 'clientTop': 202}",1536,864,1536,864,1262615,1710512309384,1710512309317,51,42,195,674903,page_58,673497
move,0.0,762.0,747.0,762.0,747.0,0.0,675518,,,,1536,864,1536,864,1262615,1710512309384,1710512309317,51,42,196,675518,page_58,673497
click,,762.0,747.0,762.0,747.0,,675519,,Next,"{'left': 669, 'top': 723.7999877929688, 'width': 198, 'height': 67.20000457763672, 'clientLeft': 669, 'clientTop': 723.7999877929688}",1536,864,1536,864,1262615,1710512309384,1710512309317,51,42,197,675519,page_58,673497
move,0.0,1129.0,229.0,1129.0,229.0,0.0,676864,,,,1536,864,1536,864,1262615,1710512309384,1710512309317,52,0,198,676864,page_59,675545
click,,1129.0,229.0,1129.0,229.0,,676866,,Agree strongly,"{'left': 1091.8375244140625, 'top': 214.8000030517578, 'width': 107.5250015258789, 'height': 21.600000381469727, 'clientLeft': 1091.8375244140625, 'clientTop': 214.8000030517578}",1536,864,1536,864,1262615,1710512309384,1710512309317,52,43,199,676866,page_59,675545
move,0.0,776.0,726.0,776.0,726.0,0.0,677550,,,,1536,864,1536,864,1262615,1710512309384,1710512309317,52,43,200,677550,page_59,675545
click,,776.0,726.0,776.0,726.0,,677552,,Next,"{'left': 669, 'top': 723.7999877929688, 'width': 198, 'height': 67.20000457763672, 'clientLeft': 669, 'clientTop': 723.7999877929688}",1536,864,1536,864,1262615,1710512309384,1710512309317,52,43,201,677552,page_59,675545
move,0.0,720.0,231.0,720.0,231.0,0.0,684440,,,,1536,864,1536,864,1262615,1710512309384,1710512309317,53,0,202,684440,page_60,677585
click,,720.0,231.0,720.0,231.0,,684442,,Neutral,"{'left': 677.6000366210938, 'top': 202, 'width': 180.8000030517578, 'height': 48, 'clientLeft': 677.6000366210938, 'clientTop': 202}",1536,864,1536,864,1262615,1710512309384,1710512309317,53,44,203,684442,page_60,677585
move,0.0,728.0,732.0,728.0,732.0,0.0,684976,,,,1536,864,1536,864,1262615,1710512309384,1710512309317,53,44,204,684976,page_60,677585
click,,728.0,732.0,728.0,732.0,,684978,,Next,"{'left': 669, 'top': 723.7999877929688, 'width': 198, 'height': 67.20000457763672, 'clientLeft': 669, 'clientTop': 723.7999877929688}",1536,864,1536,864,1262615,1710512309384,1710512309317,53,44,205,684978,page_60,677585
move,0.0,407.0,227.0,407.0,227.0,0.0,686825,,,,1536,864,1536,864,1262615,1710512309384,1710512309317,54,0,206,686825,page_61,685023
click,,407.0,227.0,407.0,227.0,,686827,,Disagree strongly,"{'left': 325.6125183105469, 'top': 214.8000030517578, 'width': 129.5625, 'height': 21.600000381469727, 'clientLeft': 325.6125183105469, 'clientTop': 214.8000030517578}",1536,864,1536,864,1262615,1710512309384,1710512309317,54,45,207,686827,page_61,685023
move,0.0,775.0,748.0,775.0,748.0,0.0,687714,,,,1536,864,1536,864,1262615,1710512309384,1710512309317,54,45,208,687714,page_61,685023
click,,775.0,748.0,775.0,748.0,,687715,,Next,"{'left': 669, 'top': 723.7999877929688, 'width': 198, 'height': 67.20000457763672, 'clientLeft': 669, 'clientTop': 723.7999877929688}",1536,864,1536,864,1262615,1710512309384,1710512309317,54,45,209,687715,page_61,685023
move,0.0,1124.0,228.0,1124.0,228.0,0.0,689957,,,,1536,864,1536,864,1262615,1710512309384,1710512309317,55,0,210,689957,page_62,687736
click,,1124.0,228.0,1124.0,228.0,,689959,,Agree strongly,"{'left': 1091.8375244140625, 'top': 214.8000030517578, 'width': 107.5250015258789, 'height': 21.600000381469727, 'clientLeft': 1091.8375244140625, 'clientTop': 214.8000030517578}",1536,864,1536,864,1262615,1710512309384,1710512309317,55,46,211,689959,page_62,687736
move,0.0,759.0,727.0,759.0,727.0,0.0,690656,,,,1536,864,1536,864,1262615,1710512309384,1710512309317,55,46,212,690656,page_62,687736
click,,759.0,727.0,759.0,727.0,,690657,,Next,"{'left': 669, 'top': 723.7999877929688, 'width': 198, 'height': 67.20000457763672, 'clientLeft': 669, 'clientTop': 723.7999877929688}",1536,864,1536,864,1262615,1710512309384,1710512309317,55,46,213,690657,page_62,687736
move,0.0,387.0,243.0,387.0,243.0,0.0,692523,,,,1536,864,1536,864,1262615,1710512309384,1710512309317,56,0,214,692523,page_63,690691
click,,387.0,243.0,387.0,243.0,,692526,,Disagree strongly,"{'left': 300, 'top': 202, 'width': 180.8000030517578, 'height': 48, 'clientLeft': 300, 'clientTop': 202}",1536,864,1536,864,1262615,1710512309384,1710512309317,56,47,215,692526,page_63,690691
move,0.0,786.0,756.0,786.0,756.0,0.0,693060,,,,1536,864,1536,864,1262615,1710512309384,1710512309317,56,47,216,693060,page_63,690691
click,,786.0,756.0,786.0,756.0,,693062,,Next,"{'left': 669, 'top': 723.7999877929688, 'width': 198, 'height': 67.20000457763672, 'clientLeft': 669, 'clientTop': 723.7999877929688}",1536,864,1536,864,1262615,1710512309384,1710512309317,56,47,217,693062,page_63,690691
move,0.0,385.0,237.0,385.0,237.0,0.0,695859,,,,1536,864,1536,864,1262615,1710512309384,1710512309317,57,0,218,695859,page_64,693090
click,,385.0,237.0,385.0,237.0,,695861,,Disagree strongly,"{'left': 325.6125183105469, 'top': 214, 'width': 129.5625, 'height': 24, 'clientLeft': 325.6125183105469, 'clientTop': 214}",1536,864,1536,864,1262615,1710512309384,1710512309317,57,48,219,695861,page_64,693090
move,0.0,756.0,745.0,756.0,745.0,1747.0,696425,,,,1536,864,1536,864,1262615,1710512309384,1710512309317,57,48,220,696425,page_64,693090
click,,756.0,745.0,756.0,745.0,,696427,,Next,"{'left': 669, 'top': 723.7999877929688, 'width': 198, 'height': 67.20000457763672, 'clientLeft': 669, 'clientTop': 723.7999877929688}",1536,864,1536,864,1262615,1710512309384,1710512309317,57,48,222,696427,page_64,693090
move,1.0,773.0,762.0,773.0,762.0,1747.0,696425,,,,1536,864,1536,864,1262615,1710512309384,1710512309317,57,48,221,698172,page_65,696451
click,,773.0,762.0,773.0,762.0,,698172,,Next,"{'left': 669, 'top': 723.7999877929688, 'width': 198, 'height': 67.20000457763672, 'clientLeft': 669, 'clientTop': 723.7999877929688}",1536,864,1536,864,1262615,1710512309384,1710512309317,58,0,223,698172,page_65,696451
move,0.0,755.0,762.0,755.0,762.0,0.0,759160,,,,1536,864,1536,864,1262615,1710512309384,1710512309317,59,0,224,759160,page_67,757781
click,,755.0,762.0,755.0,762.0,,759161,,Next,"{'left': 669, 'top': 723.7999877929688, 'width': 198, 'height': 67.20000457763672, 'clientLeft': 669, 'clientTop': 723.7999877929688}",1536,864,1536,864,1262615,1710512309384,1710512309317,59,0,225,759161,page_67,757781
move,0.0,748.0,748.0,748.0,748.0,0.0,820583,,,,1536,864,1536,864,1262615,1710512309384,1710512309317,60,0,226,820583,page_69,818888
click,,748.0,748.0,748.0,748.0,,820584,,Next,"{'left': 669, 'top': 723.7999877929688, 'width': 198, 'height': 67.20000457763672, 'clientLeft': 669, 'clientTop': 723.7999877929688}",1536,864,1536,864,1262615,1710512309384,1710512309317,60,0,227,820584,page_69,818888
move,0.0,544.0,217.0,544.0,217.0,0.0,823899,,,,1536,864,1536,864,1262615,1710512309384,1710512309317,61,0,228,823899,page_70,820598
click,,544.0,217.0,544.0,217.0,,823900,,Disagree,"{'left': 488.8000183105469, 'top': 202, 'width': 180.8000030517578, 'height': 48, 'clientLeft': 488.8000183105469, 'clientTop': 202}",1536,864,1536,864,1262615,1710512309384,1710512309317,61,49,229,823900,page_70,820598
move,0.0,762.0,743.0,762.0,743.0,0.0,825019,,,,1536,864,1536,864,1262615,1710512309384,1710512309317,61,49,230,825019,page_70,820598
click,,762.0,743.0,762.0,743.0,,825021,,Next,"{'left': 669, 'top': 723.7999877929688, 'width': 198, 'height': 67.20000457763672, 'clientLeft': 669, 'clientTop': 723.7999877929688}",1536,864,1536,864,1262615,1710512309384,1710512309317,61,49,231,825021,page_70,820598
move,0.0,544.0,223.0,544.0,223.0,0.0,827636,,,,1536,864,1536,864,1262615,1710512309384,1710512309317,62,0,232,827636,page_71,825054
click,,544.0,223.0,544.0,223.0,,827638,,Disagree,"{'left': 488.8000183105469, 'top': 202, 'width': 180.8000030517578, 'height': 48, 'clientLeft': 488.8000183105469, 'clientTop': 202}",1536,864,1536,864,1262615,1710512309384,1710512309317,62,50,233,827638,page_71,825054
move,0.0,755.0,747.0,755.0,747.0,0.0,828161,,,,1536,864,1536,864,1262615,1710512309384,1710512309317,62,50,234,828161,page_71,825054
click,,755.0,747.0,755.0,747.0,,828163,,Next,"{'left': 669, 'top': 723.7999877929688, 'width': 198, 'height': 67.20000457763672, 'clientLeft': 669, 'clientTop': 723.7999877929688}",1536,864,1536,864,1262615,1710512309384,1710512309317,62,50,235,828163,page_71,825054
move,0.0,946.0,233.0,946.0,233.0,0.0,830324,,,,1536,864,1536,864,1262615,1710512309384,1710512309317,63,0,236,830324,page_72,828184
click,,946.0,233.0,946.0,233.0,,830327,,Agree,"{'left': 935.1375122070312, 'top': 214.8000030517578, 'width': 43.3125, 'height': 21.600000381469727, 'clientLeft': 935.1375122070312, 'clientTop': 214.8000030517578}",1536,864,1536,864,1262615,1710512309384,1710512309317,63,51,237,830327,page_72,828184
move,0.0,787.0,745.0,787.0,745.0,0.0,830931,,,,1536,864,1536,864,1262615,1710512309384,1710512309317,63,51,238,830931,page_72,828184
click,,787.0,745.0,787.0,745.0,,830933,,Next,"{'left': 669, 'top': 723.7999877929688, 'width': 198, 'height': 67.20000457763672, 'clientLeft': 669, 'clientTop': 723.7999877929688}",1536,864,1536,864,1262615,1710512309384,1710512309317,63,51,239,830933,page_72,828184
move,0.0,925.0,221.0,925.0,221.0,0.0,832415,,,,1536,864,1536,864,1262615,1710512309384,1710512309317,64,0,240,832415,page_73,830962
click,,925.0,221.0,925.0,221.0,,832417,,Agree,"{'left': 866.4000244140625, 'top': 202, 'width': 180.8000030517578, 'height': 48, 'clientLeft': 866.4000244140625, 'clientTop': 202}",1536,864,1536,864,1262615,1710512309384,1710512309317,64,52,241,832417,page_73,830962
move,0.0,788.0,744.0,788.0,744.0,0.0,832973,,,,1536,864,1536,864,1262615,1710512309384,1710512309317,64,52,242,832973,page_73,830962
click,,788.0,744.0,788.0,744.0,,832974,,Next,"{'left': 669, 'top': 723.7999877929688, 'width': 198, 'height': 67.20000457763672, 'clientLeft': 669, 'clientTop': 723.7999877929688}",1536,864,1536,864,1262615,1710512309384,1710512309317,64,52,243,832974,page_73,830962
move,0.0,1136.0,233.0,1136.0,233.0,0.0,834396,,,,1536,864,1536,864,1262615,1710512309384,1710512309317,65,0,244,834396,page_74,833008
click,,1136.0,233.0,1136.0,233.0,,834397,,Agree strongly,"{'left': 1091.8375244140625, 'top': 214.8000030517578, 'width': 107.5250015258789, 'height': 21.600000381469727, 'clientLeft': 1091.8375244140625, 'clientTop': 214.8000030517578}",1536,864,1536,864,1262615,1710512309384,1710512309317,65,53,245,834397,page_74,833008
move,0.0,781.0,745.0,781.0,745.0,0.0,835538,,,,1536,864,1536,864,1262615,1710512309384,1710512309317,65,53,246,835538,page_74,833008
click,,781.0,745.0,781.0,745.0,,835539,,Next,"{'left': 669, 'top': 723.7999877929688, 'width': 198, 'height': 67.20000457763672, 'clientLeft': 669, 'clientTop': 723.7999877929688}",1536,864,1536,864,1262615,1710512309384,1710512309317,65,53,247,835539,page_74,833008
move,0.0,545.0,214.0,545.0,214.0,0.0,836952,,,,1536,864,1536,864,1262615,1710512309384,1710512309317,66,0,248,836952,page_75,835574
click,,545.0,214.0,545.0,214.0,,836953,,Disagree,"{'left': 488.8000183105469, 'top': 202, 'width': 180.8000030517578, 'height': 48, 'clientLeft': 488.8000183105469, 'clientTop': 202}",1536,864,1536,864,1262615,1710512309384,1710512309317,66,54,249,836953,page_75,835574
move,0.0,748.0,752.0,748.0,752.0,0.0,837499,,,,1536,864,1536,864,1262615,1710512309384,1710512309317,66,54,250,837499,page_75,835574
click,,748.0,752.0,748.0,752.0,,837501,,Next,"{'left': 669, 'top': 723.7999877929688, 'width': 198, 'height': 67.20000457763672, 'clientLeft': 669, 'clientTop': 723.7999877929688}",1536,864,1536,864,1262615,1710512309384,1710512309317,66,54,251,837501,page_75,835574
move,0.0,511.0,223.0,511.0,223.0,0.0,838933,,,,1536,864,1536,864,1262615,1710512309384,1710512309317,67,0,252,838933,page_76,837526
click,,511.0,223.0,511.0,223.0,,838935,,Disagree,"{'left': 488.8000183105469, 'top': 202, 'width': 180.8000030517578, 'height': 48, 'clientLeft': 488.8000183105469, 'clientTop': 202}",1536,864,1536,864,1262615,1710512309384,1710512309317,67,55,253,838935,page_76,837526
move,0.0,758.0,760.0,758.0,760.0,0.0,839468,,,,1536,864,1536,864,1262615,1710512309384,1710512309317,67,55,254,839468,page_76,837526
click,,758.0,760.0,758.0,760.0,,839469,,Next,"{'left': 669, 'top': 723.7999877929688, 'width': 198, 'height': 67.20000457763672, 'clientLeft': 669, 'clientTop': 723.7999877929688}",1536,864,1536,864,1262615,1710512309384,1710512309317,67,55,255,839469,page_76,837526
move,0.0,949.0,245.0,949.0,245.0,0.0,840882,,,,1536,864,1536,864,1262615,1710512309384,1710512309317,68,0,256,840882,page_77,839492
click,,949.0,245.0,949.0,245.0,,840884,,Agree,"{'left': 866.4000244140625, 'top': 202, 'width': 180.8000030517578, 'height': 48, 'clientLeft': 866.4000244140625, 'clientTop': 202}",1536,864,1536,864,1262615,1710512309384,1710512309317,68,56,257,840884,page_77,839492
move,0.0,746.0,748.0,746.0,748.0,0.0,841459,,,,1536,864,1536,864,1262615,1710512309384,1710512309317,68,56,258,841459,page_77,839492
click,,746.0,748.0,746.0,748.0,,841462,,Next,"{'left': 669, 'top': 723.7999877929688, 'width': 198, 'height': 67.20000457763672, 'clientLeft': 669, 'clientTop': 723.7999877929688}",1536,864,1536,864,1262615,1710512309384,1710512309317,68,56,259,841462,page_77,839492
move,0.0,922.0,227.0,922.0,227.0,0.0,843460,,,,1536,864,1536,864,1262615,1710512309384,1710512309317,69,0,260,843460,page_78,841481
click,,922.0,227.0,922.0,227.0,,843462,,Agree,"{'left': 866.4000244140625, 'top': 202, 'width': 180.8000030517578, 'height': 48, 'clientLeft': 866.4000244140625, 'clientTop': 202}",1536,864,1536,864,1262615,1710512309384,1710512309317,69,57,261,843462,page_78,841481
move,0.0,763.0,748.0,763.0,748.0,0.0,843996,,,,1536,864,1536,864,1262615,1710512309384,1710512309317,69,57,262,843996,page_78,841481
click,,763.0,748.0,763.0,748.0,,843997,,Next,"{'left': 669, 'top': 723.7999877929688, 'width': 198, 'height': 67.20000457763672, 'clientLeft': 669, 'clientTop': 723.7999877929688}",1536,864,1536,864,1262615,1710512309384,1710512309317,69,57,263,843997,page_78,841481
move,0.0,375.0,240.0,375.0,240.0,0.0,845299,,,,1536,864,1536,864,1262615,1710512309384,1710512309317,70,0,264,845299,page_79,844025
click,,375.0,240.0,375.0,240.0,,845301,,Disagree strongly,"{'left': 300, 'top': 202, 'width': 180.8000030517578, 'height': 48, 'clientLeft': 300, 'clientTop': 202}",1536,864,1536,864,1262615,1710512309384,1710512309317,70,58,265,845301,page_79,844025
move,0.0,748.0,748.0,748.0,748.0,0.0,845845,,,,1536,864,1536,864,1262615,1710512309384,1710512309317,70,58,266,845845,page_79,844025
click,,748.0,748.0,748.0,748.0,,845847,,Next,"{'left': 669, 'top': 723.7999877929688, 'width': 198, 'height': 67.20000457763672, 'clientLeft': 669, 'clientTop': 723.7999877929688}",1536,864,1536,864,1262615,1710512309384,1710512309317,70,58,267,845847,page_79,844025
move,0.0,553.0,228.0,553.0,228.0,0.0,847309,,,,1536,864,1536,864,1262615,1710512309384,1710512309317,71,0,268,847309,page_80,845877
click,,553.0,228.0,553.0,228.0,,847311,,Disagree,"{'left': 546.5125122070312, 'top': 214.8000030517578, 'width': 65.36250305175781, 'height': 21.600000381469727, 'clientLeft': 546.5125122070312, 'clientTop': 214.8000030517578}",1536,864,1536,864,1262615,1710512309384,1710512309317,71,59,269,847311,page_80,845877
move,0.0,748.0,749.0,748.0,749.0,0.0,847835,,,,1536,864,1536,864,1262615,1710512309384,1710512309317,71,59,270,847835,page_80,845877
click,,748.0,749.0,748.0,749.0,,847837,,Next,"{'left': 669, 'top': 723.7999877929688, 'width': 198, 'height': 67.20000457763672, 'clientLeft': 669, 'clientTop': 723.7999877929688}",1536,864,1536,864,1262615,1710512309384,1710512309317,71,59,271,847837,page_80,845877
move,0.0,952.0,228.0,952.0,228.0,0.0,849228,,,,1536,864,1536,864,1262615,1710512309384,1710512309317,72,0,272,849228,page_81,847868
click,,952.0,228.0,952.0,228.0,,849230,,Agree,"{'left': 935.1375122070312, 'top': 214.8000030517578, 'width': 43.3125, 'height': 21.600000381469727, 'clientLeft': 935.1375122070312, 'clientTop': 214.8000030517578}",1536,864,1536,864,1262615,1710512309384,1710512309317,72,60,273,849230,page_81,847868
move,0.0,780.0,744.0,780.0,744.0,1534.0,849816,,,,1536,864,1536,864,1262615,1710512309384,1710512309317,72,60,274,849816,page_81,847868
click,,780.0,744.0,780.0,744.0,,849818,,Next,"{'left': 669, 'top': 723.7999877929688, 'width': 198, 'height': 67.20000457763672, 'clientLeft': 669, 'clientTop': 723.7999877929688}",1536,864,1536,864,1262615,1710512309384,1710512309317,72,60,276,849818,page_81,847868
move,1.0,747.0,756.0,747.0,756.0,1534.0,849816,,,,1536,864,1536,864,1262615,1710512309384,1710512309317,72,60,275,851350,page_82,849844
click,,747.0,756.0,747.0,756.0,,851351,,Next,"{'left': 669, 'top': 723.7999877929688, 'width': 198, 'height': 67.20000457763672, 'clientLeft': 669, 'clientTop': 723.7999877929688}",1536,864,1536,864,1262615,1710512309384,1710512309317,73,0,277,851351,page_82,849844
move,0.0,746.0,756.0,746.0,756.0,0.0,912380,,,,1536,864,1536,864,1262615,1710512309384,1710512309317,74,0,278,912380,page_84,911118
click,,746.0,756.0,746.0,756.0,,912381,,Next,"{'left': 669, 'top': 723.7999877929688, 'width': 198, 'height': 67.20000457763672, 'clientLeft': 669, 'clientTop': 723.7999877929688}",1536,864,1536,864,1262615,1710512309384,1710512309317,74,0,279,912381,page_84,911118
move,0.0,760.0,762.0,760.0,762.0,47289.0,973540,,,,1536,864,1536,864,1262615,1710512309384,1710512309317,75,0,280,973540,page_86,972236
click,,760.0,762.0,760.0,762.0,,973541,,Next,"{'left': 669, 'top': 723.7999877929688, 'width': 198, 'height': 67.20000457763672, 'clientLeft': 669, 'clientTop': 723.7999877929688}",1536,864,1536,864,1262615,1710512309384,1710512309317,75,0,282,973541,page_86,972236
move,1.0,773.0,763.0,773.0,763.0,47289.0,973540,,,,1536,864,1536,864,1262615,1710512309384,1710512309317,75,0,281,1020829,page_87,973740
click,,773.0,763.0,773.0,763.0,,1020833,,Next,"{'left': 669, 'top': 723.7999877929688, 'width': 198, 'height': 67.20000457763672, 'clientLeft': 669, 'clientTop': 723.7999877929688}",1536,864,1536,864,1262615,1710512309384,1710512309317,76,0,283,1020833,page_87,973740
move,0.0,1174.0,382.0,1174.0,529.1999969482422,0.0,1026126,,,,1536,864,1536,864,1262615,1710512309384,1710512309317,77,0,284,1026126,page_88,1020933
click,,1174.0,382.0,1174.0,529.1999969482422,,1026129,,,"{'left': 1165.987548828125, 'top': 528.1999969482422, 'width': 24, 'height': 24, 'clientLeft': 1165.987548828125, 'clientTop': 381}",1536,864,1536,864,1262615,1710512309384,1710512309317,77,0,285,1026129,page_88,1020933
move,0.0,1182.0,464.0,1182.0,611.1999969482422,0.0,1027641,,,,1536,864,1536,864,1262615,1710512309384,1710512309317,77,0,286,1027641,page_88,1020933
click,,1182.0,464.0,1182.0,611.1999969482422,,1027644,,,"{'left': 1165.987548828125, 'top': 600.1999969482422, 'width': 24, 'height': 24, 'clientLeft': 1165.987548828125, 'clientTop': 453}",1536,864,1536,864,1262615,1710512309384,1710512309317,77,0,287,1027644,page_88,1020933
move,0.0,1181.0,541.0,1181.0,688.1999969482422,0.0,1037622,,,,1536,864,1536,864,1262615,1710512309384,1710512309317,77,0,288,1037622,page_88,1020933
click,,1181.0,541.0,1181.0,688.1999969482422,,1037624,,,"{'left': 1165.987548828125, 'top': 676.1999969482422, 'width': 24, 'height': 24, 'clientLeft': 1165.987548828125, 'clientTop': 529}",1536,864,1536,864,1262615,1710512309384,1710512309317,77,0,289,1037624,page_88,1020933
move,0.0,1049.0,549.0,1049.0,748.1999969482422,0.0,1057286,,,,1536,864,1536,864,1262615,1710512309384,1710512309317,77,0,290,1057286,page_88,1020933
click,,1049.0,549.0,1049.0,748.1999969482422,,1057288,,,"{'left': 1029.987548828125, 'top': 740.1999969482422, 'width': 24, 'height': 24, 'clientLeft': 1029.987548828125, 'clientTop': 541}",1536,864,1536,864,1262615,1710512309384,1710512309317,77,0,291,1057288,page_88,1020933
move,0.0,1172.0,614.0,1172.0,813.1999969482422,0.0,1060408,,,,1536,864,1536,864,1262615,1710512309384,1710512309317,77,0,292,1060408,page_88,1020933
click,,1172.0,614.0,1172.0,813.1999969482422,,1060410,,,"{'left': 1165.987548828125, 'top': 804.1999969482422, 'width': 24, 'height': 24, 'clientLeft': 1165.987548828125, 'clientTop': 605}",1536,864,1536,864,1262615,1710512309384,1710512309317,77,0,293,1060410,page_88,1020933
move,0.0,1040.0,676.0,1040.0,875.1999969482422,0.0,1063216,,,,1536,864,1536,864,1262615,1710512309384,1710512309317,77,0,294,1063216,page_88,1020933
click,,1040.0,676.0,1040.0,875.1999969482422,,1063219,,,"{'left': 1029.987548828125, 'top': 864.1999969482422, 'width': 24, 'height': 24, 'clientLeft': 1029.987548828125, 'clientTop': 665}",1536,864,1536,864,1262615,1710512309384,1710512309317,77,0,295,1063219,page_88,1020933
move,0.0,756.0,811.0,756.0,1010.1999969482422,0.0,1066134,,,,1536,864,1536,864,1262615,1710512309384,1710512309317,77,0,296,1066134,page_88,1020933
click,,756.0,811.0,756.0,1010.1999969482422,,1066136,,Next,"{'left': 669, 'top': 976.1999969482422, 'width': 198, 'height': 67.20000457763672, 'clientLeft': 669, 'clientTop': 777}",1536,864,1536,864,1262615,1710512309384,1710512309317,77,0,297,1066136,page_88,1020933
move,0.0,1176.0,419.0,1176.0,548.6000061035156,0.0,1068602,,,,1536,864,1536,864,1262615,1710512309384,1710512309317,78,0,298,1068602,page_89,1066175
click,,1176.0,419.0,1176.0,548.6000061035156,,1068604,,,"{'left': 1165.987548828125, 'top': 540.2000122070312, 'width': 24, 'height': 24, 'clientLeft': 1165.987548828125, 'clientTop': 410.6000061035156}",1536,864,1536,864,1262615,1710512309384,1710512309317,78,0,299,1068604,page_89,1066175
move,0.0,1188.0,495.0,1188.0,624.6000061035156,0.0,1070289,,,,1536,864,1536,864,1262615,1710512309384,1710512309317,78,0,300,1070289,page_89,1066175
click,,1188.0,495.0,1188.0,624.6000061035156,,1070291,,,"{'left': 1165.987548828125, 'top': 612.2000122070312, 'width': 24, 'height': 24, 'clientLeft': 1165.987548828125, 'clientTop': 482.6000061035156}",1536,864,1536,864,1262615,1710512309384,1710512309317,78,0,301,1070291,page_89,1066175
move,0.0,1182.0,570.0,1182.0,699.6000061035156,0.0,1073422,,,,1536,864,1536,864,1262615,1710512309384,1710512309317,78,0,302,1073422,page_89,1066175
click,,1182.0,570.0,1182.0,699.6000061035156,,1073424,,,"{'left': 1165.987548828125, 'top': 688.2000427246094, 'width': 24, 'height': 24, 'clientLeft': 1165.987548828125, 'clientTop': 558.6000366210938}",1536,864,1536,864,1262615,1710512309384,1710512309317,78,0,303,1073424,page_89,1066175
move,0.0,1169.0,654.0,1169.0,783.6000061035156,0.0,1075048,,,,1536,864,1536,864,1262615,1710512309384,1710512309317,78,0,304,1075048,page_89,1066175
click,,1169.0,654.0,1169.0,783.6000061035156,,1075050,,,"{'left': 1165.987548828125, 'top': 776.2000427246094, 'width': 24, 'height': 24, 'clientLeft': 1165.987548828125, 'clientTop': 646.6000366210938}",1536,864,1536,864,1262615,1710512309384,1710512309317,78,0,305,1075050,page_89,1066175
move,0.0,1172.0,596.0,1172.0,864.0,0.0,1081869,,,,1536,864,1536,864,1262615,1710512309384,1710512309317,78,0,306,1081869,page_89,1066175
click,,1172.0,596.0,1172.0,864.0,,1081871,,,"{'left': 1165.987548828125, 'top': 852.2000122070312, 'width': 24, 'height': 24, 'clientLeft': 1165.987548828125, 'clientTop': 584.2000122070312}",1536,864,1536,864,1262615,1710512309384,1710512309317,78,0,307,1081871,page_89,1066175
move,0.0,1180.0,646.0,1180.0,914.0,0.0,1086385,,,,1536,864,1536,864,1262615,1710512309384,1710512309317,78,0,308,1086385,page_89,1066175
click,,1180.0,646.0,1180.0,914.0,,1086389,,,"{'left': 1165.987548828125, 'top': 912.2000122070312, 'width': 24, 'height': 24, 'clientLeft': 1165.987548828125, 'clientTop': 644.2000122070312}",1536,864,1536,864,1262615,1710512309384,1710512309317,78,0,309,1086389,page_89,1066175
move,0.0,748.0,786.0,748.0,1054.0,0.0,1088222,,,,1536,864,1536,864,1262615,1710512309384,1710512309317,78,0,310,1088222,page_89,1066175
click,,748.0,786.0,748.0,1054.0,,1088224,,Next,"{'left': 669, 'top': 1024.2000122070312, 'width': 198, 'height': 67.20000457763672, 'clientLeft': 669, 'clientTop': 756.2000122070312}",1536,864,1536,864,1262615,1710512309384,1710512309317,78,0,311,1088224,page_89,1066175
move,0.0,1183.0,410.0,1183.0,539.6000061035156,0.0,1090417,,,,1536,864,1536,864,1262615,1710512309384,1710512309317,79,0,312,1090417,page_90,1088257
click,,1183.0,410.0,1183.0,539.6000061035156,,1090418,,,"{'left': 1165.987548828125, 'top': 528.2000122070312, 'width': 24, 'height': 24, 'clientLeft': 1165.987548828125, 'clientTop': 398.6000061035156}",1536,864,1536,864,1262615,1710512309384,1710512309317,79,0,313,1090418,page_90,1088257
move,0.0,1173.0,480.0,1173.0,609.6000061035156,0.0,1095540,,,,1536,864,1536,864,1262615,1710512309384,1710512309317,79,0,314,1095540,page_90,1088257
click,,1173.0,480.0,1173.0,609.6000061035156,,1095543,,,"{'left': 1165.987548828125, 'top': 600.2000122070312, 'width': 24, 'height': 24, 'clientLeft': 1165.987548828125, 'clientTop': 470.6000061035156}",1536,864,1536,864,1262615,1710512309384,1710512309317,79,0,315,1095543,page_90,1088257
move,0.0,1177.0,563.0,1177.0,692.6000061035156,0.0,1097277,,,,1536,864,1536,864,1262615,1710512309384,1710512309317,79,0,316,1097277,page_90,1088257
click,,1177.0,563.0,1177.0,692.6000061035156,,1097279,,,"{'left': 1165.987548828125, 'top': 688.2000427246094, 'width': 24, 'height': 24, 'clientLeft': 1165.987548828125, 'clientTop': 558.6000366210938}",1536,864,1536,864,1262615,1710512309384,1710512309317,79,0,317,1097279,page_90,1088257
move,0.0,1172.0,648.0,1172.0,777.6000061035156,0.0,1099540,,,,1536,864,1536,864,1262615,1710512309384,1710512309317,79,0,318,1099540,page_90,1088257
click,,1172.0,648.0,1172.0,777.6000061035156,,1099542,,,"{'left': 1165.987548828125, 'top': 764.2000427246094, 'width': 24, 'height': 24, 'clientLeft': 1165.987548828125, 'clientTop': 634.6000366210938}",1536,864,1536,864,1262615,1710512309384,1710512309317,79,0,319,1099542,page_90,1088257
move,0.0,1180.0,569.0,1180.0,834.6000061035156,0.0,1101269,,,,1536,864,1536,864,1262615,1710512309384,1710512309317,79,0,320,1101269,page_90,1088257
click,,1180.0,569.0,1180.0,834.6000061035156,,1101272,,,"{'left': 1165.987548828125, 'top': 828.2000427246094, 'width': 24, 'height': 24, 'clientLeft': 1165.987548828125, 'clientTop': 562.6000366210938}",1536,864,1536,864,1262615,1710512309384,1710512309317,79,0,321,1101272,page_90,1088257
move,0.0,1185.0,634.0,1185.0,899.6000061035156,0.0,1105878,,,,1536,864,1536,864,1262615,1710512309384,1710512309317,79,0,322,1105878,page_90,1088257
click,,1185.0,634.0,1185.0,899.6000061035156,,1105881,,,"{'left': 1165.987548828125, 'top': 900.2000427246094, 'width': 24, 'height': 24, 'clientLeft': 1165.987548828125, 'clientTop': 634.6000366210938}",1536,864,1536,864,1262615,1710512309384,1710512309317,79,0,323,1105881,page_90,1088257
move,0.0,760.0,800.0,760.0,1065.6000061035156,0.0,1106602,,,,1536,864,1536,864,1262615,1710512309384,1710512309317,79,0,324,1106602,page_90,1088257
click,,760.0,800.0,760.0,1065.6000061035156,,1106603,,Next,"{'left': 669, 'top': 1024.2000427246094, 'width': 198, 'height': 67.20000457763672, 'clientLeft': 669, 'clientTop': 758.6000366210938}",1536,864,1536,864,1262615,1710512309384,1710512309317,79,0,325,1106603,page_90,1088257
move,0.0,1184.0,408.0,1184.0,537.6000061035156,0.0,1115929,,,,1536,864,1536,864,1262615,1710512309384,1710512309317,80,0,326,1115929,page_91,1106635
click,,1184.0,408.0,1184.0,537.6000061035156,,1115930,,,"{'left': 1165.987548828125, 'top': 528.2000122070312, 'width': 24, 'height': 24, 'clientLeft': 1165.987548828125, 'clientTop': 398.6000061035156}",1536,864,1536,864,1262615,1710512309384,1710512309317,80,0,327,1115930,page_91,1106635
move,0.0,1174.0,478.0,1174.0,607.6000061035156,0.0,1117253,,,,1536,864,1536,864,1262615,1710512309384,1710512309317,80,0,328,1117253,page_91,1106635
click,,1174.0,478.0,1174.0,607.6000061035156,,1117255,,,"{'left': 1165.987548828125, 'top': 600.2000122070312, 'width': 24, 'height': 24, 'clientLeft': 1165.987548828125, 'clientTop': 470.6000061035156}",1536,864,1536,864,1262615,1710512309384,1710512309317,80,0,329,1117255,page_91,1106635
move,0.0,1182.0,553.0,1182.0,682.6000061035156,0.0,1119750,,,,1536,864,1536,864,1262615,1710512309384,1710512309317,80,0,330,1119750,page_91,1106635
click,,1182.0,553.0,1182.0,682.6000061035156,,1119752,,,"{'left': 1165.987548828125, 'top': 676.2000427246094, 'width': 24, 'height': 24, 'clientLeft': 1165.987548828125, 'clientTop': 546.6000366210938}",1536,864,1536,864,1262615,1710512309384,1710512309317,80,0,331,1119752,page_91,1106635
move,0.0,1172.0,628.0,1172.0,757.6000061035156,0.0,1122306,,,,1536,864,1536,864,1262615,1710512309384,1710512309317,80,0,332,1122306,page_91,1106635
click,,1172.0,628.0,1172.0,757.6000061035156,,1122308,,,"{'left': 1165.987548828125, 'top': 740.2000427246094, 'width': 24, 'height': 24, 'clientLeft': 1165.987548828125, 'clientTop': 610.6000366210938}",1536,864,1536,864,1262615,1710512309384,1710512309317,80,0,333,1122308,page_91,1106635
move,0.0,1178.0,698.0,1178.0,827.6000061035156,0.0,1124225,,,,1536,864,1536,864,1262615,1710512309384,1710512309317,80,0,334,1124225,page_91,1106635
click,,1178.0,698.0,1178.0,827.6000061035156,,1124227,,,"{'left': 1165.987548828125, 'top': 816.2000427246094, 'width': 24, 'height': 24, 'clientLeft': 1165.987548828125, 'clientTop': 686.6000366210938}",1536,864,1536,864,1262615,1710512309384,1710512309317,80,0,335,1124227,page_91,1106635
move,0.0,1172.0,622.0,1172.0,907.6000061035156,0.0,1127164,,,,1536,864,1536,864,1262615,1710512309384,1710512309317,80,0,336,1127164,page_91,1106635
click,,1172.0,622.0,1172.0,907.6000061035156,,1127165,,,"{'left': 1165.987548828125, 'top': 900.2000427246094, 'width': 24, 'height': 24, 'clientLeft': 1165.987548828125, 'clientTop': 614.6000366210938}",1536,864,1536,864,1262615,1710512309384,1710512309317,80,0,337,1127165,page_91,1106635
move,0.0,787.0,762.0,787.0,1047.6000061035156,0.0,1128103,,,,1536,864,1536,864,1262615,1710512309384,1710512309317,80,0,338,1128103,page_91,1106635
click,,787.0,762.0,787.0,1047.6000061035156,,1128105,,Next,"{'left': 669, 'top': 1024.2000427246094, 'width': 198, 'height': 67.20000457763672, 'clientLeft': 669, 'clientTop': 738.6000366210938}",1536,864,1536,864,1262615,1710512309384,1710512309317,80,0,339,1128105,page_91,1106635
move,0.0,1172.0,411.0,1172.0,540.6000061035156,0.0,1132145,,,,1536,864,1536,864,1262615,1710512309384,1710512309317,81,0,340,1132145,page_92,1128135
click,,1172.0,411.0,1172.0,540.6000061035156,,1132146,,,"{'left': 1165.987548828125, 'top': 540.2000122070312, 'width': 24, 'height': 24, 'clientLeft': 1165.987548828125, 'clientTop': 410.6000061035156}",1536,864,1536,864,1262615,1710512309384,1710512309317,81,0,341,1132146,page_92,1128135
move,0.0,1179.0,500.0,1179.0,629.6000061035156,0.0,1135007,,,,1536,864,1536,864,1262615,1710512309384,1710512309317,81,0,342,1135007,page_92,1128135
click,,1179.0,500.0,1179.0,629.6000061035156,,1135008,,,"{'left': 1165.987548828125, 'top': 624.2000122070312, 'width': 24, 'height': 24, 'clientLeft': 1165.987548828125, 'clientTop': 494.6000061035156}",1536,864,1536,864,1262615,1710512309384,1710512309317,81,0,343,1135008,page_92,1128135
move,0.0,1175.0,576.0,1175.0,705.6000061035156,0.0,1136593,,,,1536,864,1536,864,1262615,1710512309384,1710512309317,81,0,344,1136593,page_92,1128135
click,,1175.0,576.0,1175.0,705.6000061035156,,1136595,,,"{'left': 1165.987548828125, 'top': 700.2000427246094, 'width': 24, 'height': 24, 'clientLeft': 1165.987548828125, 'clientTop': 570.6000366210938}",1536,864,1536,864,1262615,1710512309384,1710512309317,81,0,345,1136595,page_92,1128135
move,0.0,1173.0,637.0,1173.0,766.6000061035156,0.0,1138340,,,,1536,864,1536,864,1262615,1710512309384,1710512309317,81,0,346,1138340,page_92,1128135
click,,1173.0,637.0,1173.0,766.6000061035156,,1138342,,,"{'left': 1165.987548828125, 'top': 764.2000427246094, 'width': 24, 'height': 24, 'clientLeft': 1165.987548828125, 'clientTop': 634.6000366210938}",1536,864,1536,864,1262615,1710512309384,1710512309317,81,0,347,1138342,page_92,1128135
move,0.0,1177.0,619.0,1177.0,856.6000061035156,0.0,1146233,,,,1536,864,1536,864,1262615,1710512309384,1710512309317,81,0,348,1146233,page_92,1128135
click,,1177.0,619.0,1177.0,856.6000061035156,,1146234,,,"{'left': 1165.987548828125, 'top': 840.2000427246094, 'width': 24, 'height': 24, 'clientLeft': 1165.987548828125, 'clientTop': 602.6000366210938}",1536,864,1536,864,1262615,1710512309384,1710512309317,81,0,349,1146234,page_92,1128135
move,0.0,1176.0,674.0,1176.0,911.6000061035156,0.0,1148940,,,,1536,864,1536,864,1262615,1710512309384,1710512309317,81,0,350,1148940,page_92,1128135
click,,1176.0,674.0,1176.0,911.6000061035156,,1148941,,,"{'left': 1165.987548828125, 'top': 912.2000427246094, 'width': 24, 'height': 24, 'clientLeft': 1165.987548828125, 'clientTop': 674.6000366210938}",1536,864,1536,864,1262615,1710512309384,1710512309317,81,0,351,1148941,page_92,1128135
move,0.0,779.0,812.0,779.0,1049.6000061035156,0.0,1152325,,,,1536,864,1536,864,1262615,1710512309384,1710512309317,81,0,352,1152325,page_92,1128135
click,,779.0,812.0,779.0,1049.6000061035156,,1152326,,Next,"{'left': 669, 'top': 1024.2000427246094, 'width': 198, 'height': 67.20000457763672, 'clientLeft': 669, 'clientTop': 786.6000366210938}",1536,864,1536,864,1262615,1710512309384,1710512309317,81,0,353,1152326,page_92,1128135
move,0.0,1183.0,398.0,1183.0,527.6000061035156,0.0,1156316,,,,1536,864,1536,864,1262615,1710512309384,1710512309317,82,0,354,1156316,page_93,1152354
click,,1183.0,398.0,1183.0,527.6000061035156,,1156320,,,"{'left': 1165.987548828125, 'top': 528.2000122070312, 'width': 24, 'height': 24, 'clientLeft': 1165.987548828125, 'clientTop': 398.6000061035156}",1536,864,1536,864,1262615,1710512309384,1710512309317,82,0,355,1156320,page_93,1152354
move,0.0,1173.0,480.0,1173.0,609.6000061035156,0.0,1160571,,,,1536,864,1536,864,1262615,1710512309384,1710512309317,82,0,356,1160571,page_93,1152354
click,,1173.0,480.0,1173.0,609.6000061035156,,1160573,,,"{'left': 1165.987548828125, 'top': 600.2000122070312, 'width': 24, 'height': 24, 'clientLeft': 1165.987548828125, 'clientTop': 470.6000061035156}",1536,864,1536,864,1262615,1710512309384,1710512309317,82,0,357,1160573,page_93,1152354
move,0.0,1178.0,547.0,1178.0,676.6000061035156,0.0,1161854,,,,1536,864,1536,864,1262615,1710512309384,1710512309317,82,0,358,1161854,page_93,1152354
click,,1178.0,547.0,1178.0,676.6000061035156,,1161855,,,"{'left': 1165.987548828125, 'top': 676.2000427246094, 'width': 24, 'height': 24, 'clientLeft': 1165.987548828125, 'clientTop': 546.6000366210938}",1536,864,1536,864,1262615,1710512309384,1710512309317,82,0,359,1161855,page_93,1152354
move,0.0,1042.0,627.0,1042.0,756.6000061035156,0.0,1164440,,,,1536,864,1536,864,1262615,1710512309384,1710512309317,82,0,360,1164440,page_93,1152354
click,,1042.0,627.0,1042.0,756.6000061035156,,1164442,,,"{'left': 1029.987548828125, 'top': 740.2000427246094, 'width': 24, 'height': 24, 'clientLeft': 1029.987548828125, 'clientTop': 610.6000366210938}",1536,864,1536,864,1262615,1710512309384,1710512309317,82,0,361,1164442,page_93,1152354
move,0.0,1168.0,682.0,1168.0,811.6000061035156,0.0,1166944,,,,1536,864,1536,864,1262615,1710512309384,1710512309317,82,0,362,1166944,page_93,1152354
click,,1168.0,682.0,1168.0,811.6000061035156,,1166946,,,"{'left': 1165.987548828125, 'top': 804.2000427246094, 'width': 24, 'height': 24, 'clientLeft': 1165.987548828125, 'clientTop': 674.6000366210938}",1536,864,1536,864,1262615,1710512309384,1710512309317,82,0,363,1166946,page_93,1152354
move,0.0,1042.0,672.0,1042.0,888.8000030517578,0.0,1171580,,,,1536,864,1536,864,1262615,1710512309384,1710512309317,82,0,364,1171580,page_93,1152354
click,,1042.0,672.0,1042.0,888.8000030517578,,1171581,,,"{'left': 1029.987548828125, 'top': 876.2000274658203, 'width': 24, 'height': 24, 'clientLeft': 1029.987548828125, 'clientTop': 659.4000244140625}",1536,864,1536,864,1262615,1710512309384,1710512309317,82,0,365,1171581,page_93,1152354
move,0.0,770.0,829.0,770.0,1045.8000030517578,0.0,1173077,,,,1536,864,1536,864,1262615,1710512309384,1710512309317,82,0,366,1173077,page_93,1152354
click,,770.0,829.0,770.0,1045.8000030517578,,1173078,,Next,"{'left': 669, 'top': 1000.2000274658203, 'width': 198, 'height': 67.20000457763672, 'clientLeft': 669, 'clientTop': 783.4000244140625}",1536,864,1536,864,1262615,1710512309384,1710512309317,82,0,367,1173078,page_93,1152354
move,0.0,1168.0,410.0,1168.0,539.6000061035156,0.0,1178211,,,,1536,864,1536,864,1262615,1710512309384,1710512309317,83,0,368,1178211,page_94,1173111
click,,1168.0,410.0,1168.0,539.6000061035156,,1178212,,,"{'left': 1166, 'top': 528.2000122070312, 'width': 24, 'height': 24, 'clientLeft': 1166, 'clientTop': 398.6000061035156}",1536,864,1536,864,1262615,1710512309384,1710512309317,83,0,369,1178212,page_94,1173111
move,0.0,1169.0,462.0,1169.0,591.6000061035156,0.0,1179820,,,,1536,864,1536,864,1262615,1710512309384,1710512309317,83,0,370,1179820,page_94,1173111
click,,1169.0,462.0,1169.0,591.6000061035156,,1179823,,,"{'left': 1166, 'top': 588.2000122070312, 'width': 24, 'height': 24, 'clientLeft': 1166, 'clientTop': 458.6000061035156}",1536,864,1536,864,1262615,1710512309384,1710512309317,83,0,371,1179823,page_94,1173111
move,0.0,1179.0,525.0,1179.0,654.6000061035156,0.0,1182083,,,,1536,864,1536,864,1262615,1710512309384,1710512309317,83,0,372,1182083,page_94,1173111
click,,1179.0,525.0,1179.0,654.6000061035156,,1182085,,,"{'left': 1166, 'top': 652.2000427246094, 'width': 24, 'height': 24, 'clientLeft': 1166, 'clientTop': 522.6000366210938}",1536,864,1536,864,1262615,1710512309384,1710512309317,83,0,373,1182085,page_94,1173111
move,0.0,1168.0,598.0,1168.0,727.6000061035156,0.0,1186154,,,,1536,864,1536,864,1262615,1710512309384,1710512309317,83,0,374,1186154,page_94,1173111
click,,1168.0,598.0,1168.0,727.6000061035156,,1186156,,,"{'left': 1166, 'top': 716.2000427246094, 'width': 24, 'height': 24, 'clientLeft': 1166, 'clientTop': 586.6000366210938}",1536,864,1536,864,1262615,1710512309384,1710512309317,83,0,375,1186156,page_94,1173111
move,0.0,1182.0,657.0,1182.0,786.6000061035156,0.0,1187791,,,,1536,864,1536,864,1262615,1710512309384,1710512309317,83,0,376,1187791,page_94,1173111
click,,1182.0,657.0,1182.0,786.6000061035156,,1187793,,,"{'left': 1166, 'top': 780.2000427246094, 'width': 24, 'height': 24, 'clientLeft': 1166, 'clientTop': 650.6000366210938}",1536,864,1536,864,1262615,1710512309384,1710512309317,83,0,377,1187793,page_94,1173111
move,0.0,1186.0,738.0,1186.0,867.6000061035156,0.0,1192579,,,,1536,864,1536,864,1262615,1710512309384,1710512309317,83,0,378,1192579,page_94,1173111
click,,1186.0,738.0,1186.0,867.6000061035156,,1192581,,,"{'left': 1166, 'top': 852.2000427246094, 'width': 24, 'height': 24, 'clientLeft': 1166, 'clientTop': 722.6000366210938}",1536,864,1536,864,1262615,1710512309384,1710512309317,83,0,379,1192581,page_94,1173111
move,0.0,763.0,764.0,763.0,1008.8000030517578,0.0,1193770,,,,1536,864,1536,864,1262615,1710512309384,1710512309317,83,0,380,1193770,page_94,1173111
click,,763.0,764.0,763.0,1008.8000030517578,,1193772,,Next,"{'left': 669, 'top': 976.2000274658203, 'width': 198, 'height': 67.20000457763672, 'clientLeft': 669, 'clientTop': 731.4000244140625}",1536,864,1536,864,1262615,1710512309384,1710512309317,83,0,381,1193772,page_94,1173111
move,0.0,1182.0,422.0,1182.0,551.6000061035156,0.0,1195903,,,,1536,864,1536,864,1262615,1710512309384,1710512309317,84,0,382,1195903,page_95,1193797
click,,1182.0,422.0,1182.0,551.6000061035156,,1195904,,,"{'left': 1165.987548828125, 'top': 540.2000122070312, 'width': 24, 'height': 24, 'clientLeft': 1165.987548828125, 'clientTop': 410.6000061035156}",1536,864,1536,864,1262615,1710512309384,1710512309317,84,0,383,1195904,page_95,1193797
move,0.0,1032.0,500.0,1032.0,629.6000061035156,0.0,1199230,,,,1536,864,1536,864,1262615,1710512309384,1710512309317,84,0,384,1199230,page_95,1193797
click,,1032.0,500.0,1032.0,629.6000061035156,,1199232,,,"{'left': 1029.987548828125, 'top': 624.2000122070312, 'width': 24, 'height': 24, 'clientLeft': 1029.987548828125, 'clientTop': 494.6000061035156}",1536,864,1536,864,1262615,1710512309384,1710512309317,84,0,385,1199232,page_95,1193797
move,0.0,1172.0,512.0,1172.0,641.6000061035156,0.0,1200634,,,,1536,864,1536,864,1262615,1710512309384,1710512309317,84,0,386,1200634,page_95,1193797
click,,1172.0,512.0,1172.0,641.6000061035156,,1200637,,,"{'left': 1165.987548828125, 'top': 624.2000122070312, 'width': 24, 'height': 24, 'clientLeft': 1165.987548828125, 'clientTop': 494.6000061035156}",1536,864,1536,864,1262615,1710512309384,1710512309317,84,0,387,1200637,page_95,1193797
move,0.0,1165.0,577.0,1165.0,706.6000061035156,0.0,1203613,,,,1536,864,1536,864,1262615,1710512309384,1710512309317,84,0,388,1203613,page_95,1193797
click,,1165.0,577.0,1165.0,706.6000061035156,,1203615,,,"{'left': 1165.987548828125, 'top': 700.2000427246094, 'width': 24, 'height': 24, 'clientLeft': 1165.987548828125, 'clientTop': 570.6000366210938}",1536,864,1536,864,1262615,1710512309384,1710512309317,84,0,389,1203615,page_95,1193797
move,0.0,1180.0,636.0,1180.0,765.6000061035156,0.0,1204735,,,,1536,864,1536,864,1262615,1710512309384,1710512309317,84,0,390,1204735,page_95,1193797
click,,1180.0,636.0,1180.0,765.6000061035156,,1204737,,,"{'left': 1165.987548828125, 'top': 764.2000427246094, 'width': 24, 'height': 24, 'clientLeft': 1165.987548828125, 'clientTop': 634.6000366210938}",1536,864,1536,864,1262615,1710512309384,1710512309317,84,0,391,1204737,page_95,1193797
move,0.0,1176.0,704.0,1176.0,833.6000061035156,0.0,1212042,,,,1536,864,1536,864,1262615,1710512309384,1710512309317,84,0,392,1212042,page_95,1193797
click,,1176.0,704.0,1176.0,833.6000061035156,,1212044,,,"{'left': 1165.987548828125, 'top': 828.2000427246094, 'width': 24, 'height': 24, 'clientLeft': 1165.987548828125, 'clientTop': 698.6000366210938}",1536,864,1536,864,1262615,1710512309384,1710512309317,84,0,393,1212044,page_95,1193797
move,0.0,1172.0,737.0,1172.0,1001.0,0.0,1214170,,,,1536,864,1536,864,1262615,1710512309384,1710512309317,84,0,394,1214170,page_95,1193797
click,,1172.0,737.0,1172.0,1001.0,,1214173,,,"{'left': 218, 'top': 992.2000122070312, 'width': 1100, 'height': 115.20000457763672, 'clientLeft': 218, 'clientTop': 728.2000122070312}",1536,864,1536,864,1262615,1710512309384,1710512309317,84,0,395,1214173,page_95,1193797
move,0.0,1172.0,648.0,1172.0,912.0,0.0,1214950,,,,1536,864,1536,864,1262615,1710512309384,1710512309317,84,0,396,1214950,page_95,1193797
click,,1172.0,648.0,1172.0,912.0,,1214951,,,"{'left': 1165.987548828125, 'top': 900.2000122070312, 'width': 24, 'height': 24, 'clientLeft': 1165.987548828125, 'clientTop': 636.2000122070312}",1536,864,1536,864,1262615,1710512309384,1710512309317,84,0,397,1214951,page_95,1193797
move,0.0,755.0,792.0,755.0,1056.0,0.0,1215787,,,,1536,864,1536,864,1262615,1710512309384,1710512309317,84,0,398,1215787,page_95,1193797
click,,755.0,792.0,755.0,1056.0,,1215789,,Next,"{'left': 669, 'top': 1024.2000122070312, 'width': 198, 'height': 67.20000457763672, 'clientLeft': 669, 'clientTop': 760.2000122070312}",1536,864,1536,864,1262615,1710512309384,1710512309317,84,0,399,1215789,page_95,1193797
move,0.0,1067.0,404.0,1067.0,533.6000061035156,0.0,1220425,,,,1536,864,1536,864,1262615,1710512309384,1710512309317,85,0,400,1220425,page_96,1215820
click,,1067.0,404.0,1067.0,533.6000061035156,,1220427,,,"{'left': 975, 'top': 516.2000122070312, 'width': 134, 'height': 48, 'clientLeft': 975, 'clientTop': 386.6000061035156}",1536,864,1536,864,1262615,1710512309384,1710512309317,85,0,401,1220427,page_96,1215820
click,,1037.0,406.0,1037.0,535.6000061035156,,1222366,,,"{'left': 1030, 'top': 528.2000122070312, 'width': 24, 'height': 24, 'clientLeft': 1030, 'clientTop': 398.6000061035156}",1536,864,1536,864,1262615,1710512309384,1710512309317,85,0,402,1222366,page_96,1215820
move,0.0,1037.0,406.0,1037.0,535.6000061035156,0.0,1222366,,,,1536,864,1536,864,1262615,1710512309384,1710512309317,85,0,403,1222366,page_96,1215820
move,0.0,1168.0,480.0,1168.0,609.6000061035156,0.0,1224204,,,,1536,864,1536,864,1262615,1710512309384,1710512309317,85,0,404,1224204,page_96,1215820
click,,1168.0,480.0,1168.0,609.6000061035156,,1224205,,,"{'left': 1166, 'top': 600.2000122070312, 'width': 24, 'height': 24, 'clientLeft': 1166, 'clientTop': 470.6000061035156}",1536,864,1536,864,1262615,1710512309384,1710512309317,85,0,405,1224205,page_96,1215820
move,0.0,900.0,570.0,900.0,699.6000061035156,0.0,1229025,,,,1536,864,1536,864,1262615,1710512309384,1710512309317,85,0,406,1229025,page_96,1215820
click,,900.0,570.0,900.0,699.6000061035156,,1229027,,,"{'left': 894, 'top': 688.2000427246094, 'width': 24, 'height': 24, 'clientLeft': 894, 'clientTop': 558.6000366210938}",1536,864,1536,864,1262615,1710512309384,1710512309317,85,0,407,1229027,page_96,1215820
move,0.0,1173.0,648.0,1173.0,777.6000061035156,0.0,1232319,,,,1536,864,1536,864,1262615,1710512309384,1710512309317,85,0,408,1232319,page_96,1215820
click,,1173.0,648.0,1173.0,777.6000061035156,,1232322,,,"{'left': 1166, 'top': 764.2000427246094, 'width': 24, 'height': 24, 'clientLeft': 1166, 'clientTop': 634.6000366210938}",1536,864,1536,864,1262615,1710512309384,1710512309317,85,0,409,1232322,page_96,1215820
move,0.0,1176.0,573.0,1176.0,845.0,0.0,1234108,,,,1536,864,1536,864,1262615,1710512309384,1710512309317,85,0,410,1234108,page_96,1215820
click,,1176.0,573.0,1176.0,845.0,,1234111,,,"{'left': 1166, 'top': 840.2000122070312, 'width': 24, 'height': 24, 'clientLeft': 1166, 'clientTop': 568.2000122070312}",1536,864,1536,864,1262615,1710512309384,1710512309317,85,0,411,1234111,page_96,1215820
move,0.0,1189.0,660.0,1189.0,932.0,0.0,1239149,,,,1536,864,1536,864,1262615,1710512309384,1710512309317,85,0,412,1239149,page_96,1215820
click,,1189.0,660.0,1189.0,932.0,,1239151,,,"{'left': 1166, 'top': 912.2000122070312, 'width': 24, 'height': 24, 'clientLeft': 1166, 'clientTop': 640.2000122070312}",1536,864,1536,864,1262615,1710512309384,1710512309317,85,0,413,1239151,page_96,1215820
move,0.0,777.0,782.0,777.0,1054.0,0.0,1240887,,,,1536,864,1536,864,1262615,1710512309384,1710512309317,85,0,414,1240887,page_96,1215820
click,,777.0,782.0,777.0,1054.0,,1240888,,Next,"{'left': 669, 'top': 1024.2000122070312, 'width': 198, 'height': 67.20000457763672, 'clientLeft': 669, 'clientTop': 752.2000122070312}",1536,864,1536,864,1262615,1710512309384,1710512309317,85,0,415,1240888,page_96,1215820
move,0.0,1182.0,413.0,1182.0,542.6000061035156,0.0,1243787,,,,1536,864,1536,864,1262615,1710512309384,1710512309317,86,0,416,1243787,page_97,1240920
click,,1182.0,413.0,1182.0,542.6000061035156,,1243789,,,"{'left': 1165.987548828125, 'top': 540.2000122070312, 'width': 24, 'height': 24, 'clientLeft': 1165.987548828125, 'clientTop': 410.6000061035156}",1536,864,1536,864,1262615,1710512309384,1710512309317,86,0,417,1243789,page_97,1240920
move,0.0,1172.0,492.0,1172.0,621.6000061035156,0.0,1245697,,,,1536,864,1536,864,1262615,1710512309384,1710512309317,86,0,418,1245697,page_97,1240920
click,,1172.0,492.0,1172.0,621.6000061035156,,1245699,,,"{'left': 1165.987548828125, 'top': 612.2000122070312, 'width': 24, 'height': 24, 'clientLeft': 1165.987548828125, 'clientTop': 482.6000061035156}",1536,864,1536,864,1262615,1710512309384,1710512309317,86,0,419,1245699,page_97,1240920
move,0.0,1176.0,572.0,1176.0,701.6000061035156,0.0,1248799,,,,1536,864,1536,864,1262615,1710512309384,1710512309317,86,0,420,1248799,page_97,1240920
click,,1176.0,572.0,1176.0,701.6000061035156,,1248801,,,"{'left': 1165.987548828125, 'top': 688.2000427246094, 'width': 24, 'height': 24, 'clientLeft': 1165.987548828125, 'clientTop': 558.6000366210938}",1536,864,1536,864,1262615,1710512309384,1710512309317,86,0,421,1248801,page_97,1240920
move,0.0,1166.0,656.0,1166.0,785.6000061035156,0.0,1252346,,,,1536,864,1536,864,1262615,1710512309384,1710512309317,86,0,422,1252346,page_97,1240920
click,,1166.0,656.0,1166.0,785.6000061035156,,1252348,,,"{'left': 1165.987548828125, 'top': 776.2000427246094, 'width': 24, 'height': 24, 'clientLeft': 1165.987548828125, 'clientTop': 646.6000366210938}",1536,864,1536,864,1262615,1710512309384,1710512309317,86,0,423,1252348,page_97,1240920
move,0.0,1036.0,620.0,1036.0,871.1999969482422,0.0,1256237,,,,1536,864,1536,864,1262615,1710512309384,1710512309317,86,0,424,1256237,page_97,1240920
click,,1036.0,620.0,1036.0,871.1999969482422,,1256240,,,"{'left': 1029.987548828125, 'top': 864.1999969482422, 'width': 24, 'height': 24, 'clientLeft': 1029.987548828125, 'clientTop': 613}",1536,864,1536,864,1262615,1710512309384,1710512309317,86,0,425,1256240,page_97,1240920
move,0.0,1180.0,713.0,1180.0,964.1999969482422,0.0,1258358,,,,1536,864,1536,864,1262615,1710512309384,1710512309317,86,0,426,1258358,page_97,1240920
click,,1180.0,713.0,1180.0,964.1999969482422,,1258359,,,"{'left': 1165.987548828125, 'top': 948.1999969482422, 'width': 24, 'height': 24, 'clientLeft': 1165.987548828125, 'clientTop': 697}",1536,864,1536,864,1262615,1710512309384,1710512309317,86,0,427,1258359,page_97,1240920
scroll,,,,,,,1259202,1204.8000183105469,,,1536,864,1536,864,1262615,1710512309384,1710512309317,86,0,428,1259202,page_97,1240920
move,0.0,732.0,773.0,732.0,1113.8000183105469,0.0,1259670,,,,1536,864,1536,864,1262615,1710512309384,1710512309317,86,0,429,1259670,page_97,1240920
click,,732.0,773.0,732.0,1113.8000183105469,,1259681,,Complete,"{'left': 669, 'top': 1072.2000427246094, 'width': 198, 'height': 67.20000457763672, 'clientLeft': 669, 'clientTop': 731.4000244140625}",1536,864,1536,864,1262615,1710512309384,1710512309317,86,0,430,1259681,page_97,1240920
move,0.0,1306.0,58.0,1306.0,58.0,0.0,1262419,,,,1536,864,1536,864,1262615,1710512309384,1710512309317,86,0,431,1262419,page_97,1240920
click,,1306.0,58.0,1306.0,58.0,,1262422,,Done,"{'left': 1264, 'top': 43, 'width': 88, 'height': 44, 'clientLeft': 1264, 'clientTop': 43}",1536,864,1536,864,1262615,1710512309384,1710512309317,86,0,432,1262422,page_97,1240920
