group_evaluated,total_points,mean_points,gt_lies,gt_half_truths,gt_truths,mean_points_check,bfi2_e,bfi2_a,bfi2_c,bfi2_n,bfi2_o,bfi2_e_sociability,bfi2_e_assertiveness,bfi2_e_energy_level,bfi2_a_compassion,bfi2_a_respectfulness,bfi2_a_trust,bfi2_c_organization,bfi2_c_productiveness,bfi2_c_responsibility,bfi2_n_anxiety,bfi2_n_depression,bfi2_n_emotional_volatility,bfi2_o_intellectual_curiosity,bfi2_o_aesthetic_sensitivity,bfi2_o_creative_imagination,bfi1_evaluated,bfi2_evaluated,rbfi3_evaluated,rbfi4_evaluated,rbfi5_evaluated,bfi6_evaluated,bfi7_evaluated,rbfi8_evaluated,rbfi9_evaluated,bfi10_evaluated,rbfi11_evaluated,rbfi12_evaluated,bfi13_evaluated,bfi14_evaluated,bfi15_evaluated,rbfi16_evaluated,rbfi17_evaluated,bfi18_evaluated,bfi19_evaluated,bfi20_evaluated,bfi21_evaluated,rbfi22_evaluated,rbfi23_evaluated,rbfi24_evaluated,rbfi25_evaluated,rbfi26_evaluated,bfi27_evaluated,rbfi28_evaluated,rbfi29_evaluated,rbfi30_evaluated,rbfi31_evaluated,bfi32_evaluated,bfi33_evaluated,bfi34_evaluated,bfi35_evaluated,rbfi36_evaluated,rbfi37_evaluated,bfi38_evaluated,bfi39_evaluated,bfi40_evaluated,bfi41_evaluated,rbfi42_evaluated,bfi43_evaluated,rbfi44_evaluated,rbfi45_evaluated,bfi46_evaluated,rbfi47_evaluated,rbfi48_evaluated,rbfi49_evaluated,rbfi50_evaluated,rbfi51_evaluated,bfi52_evaluated,bfi53_evaluated,bfi54_evaluated,rbfi55_evaluated,bfi56_evaluated,bfi57_evaluated,rbfi58_evaluated,bfi59_evaluated,bfi60_evaluated,bfi1_gt,bfi2_gt,rbfi3_gt,rbfi4_gt,rbfi5_gt,bfi6_gt,bfi7_gt,rbfi8_gt,rbfi9_gt,bfi10_gt,rbfi11_gt,rbfi12_gt,bfi13_gt,bfi14_gt,bfi15_gt,rbfi16_gt,rbfi17_gt,bfi18_gt,bfi19_gt,bfi20_gt,bfi21_gt,rbfi22_gt,rbfi23_gt,rbfi24_gt,rbfi25_gt,rbfi26_gt,bfi27_gt,rbfi28_gt,rbfi29_gt,rbfi30_gt,rbfi31_gt,bfi32_gt,bfi33_gt,bfi34_gt,bfi35_gt,rbfi36_gt,rbfi37_gt,bfi38_gt,bfi39_gt,bfi40_gt,bfi41_gt,rbfi42_gt,bfi43_gt,rbfi44_gt,rbfi45_gt,bfi46_gt,rbfi47_gt,rbfi48_gt,rbfi49_gt,rbfi50_gt,rbfi51_gt,bfi52_gt,bfi53_gt,bfi54_gt,rbfi55_gt,bfi56_gt,bfi57_gt,rbfi58_gt,bfi59_gt,bfi60_gt,Submitted,encoded,bfi1_extracted,bfi2_extracted,rbfi3_extracted,rbfi4_extracted,rbfi5_extracted,bfi6_extracted,bfi7_extracted,rbfi8_extracted,rbfi9_extracted,bfi10_extracted,rbfi11_extracted,rbfi12_extracted,bfi13_extracted,bfi14_extracted,bfi15_extracted,rbfi16_extracted,rbfi17_extracted,bfi18_extracted,bfi19_extracted,bfi20_extracted,bfi21_extracted,rbfi22_extracted,rbfi23_extracted,rbfi24_extracted,rbfi25_extracted,rbfi26_extracted,bfi27_extracted,rbfi28_extracted,rbfi29_extracted,rbfi30_extracted,rbfi31_extracted,bfi32_extracted,bfi33_extracted,bfi34_extracted,bfi35_extracted,rbfi36_extracted,rbfi37_extracted,bfi38_extracted,bfi39_extracted,bfi40_extracted,bfi41_extracted,rbfi42_extracted,bfi43_extracted,rbfi44_extracted,rbfi45_extracted,bfi46_extracted,rbfi47_extracted,rbfi48_extracted,rbfi49_extracted,rbfi50_extracted,rbfi51_extracted,bfi52_extracted,bfi53_extracted,bfi54_extracted,rbfi55_extracted,bfi56_extracted,bfi57_extracted,rbfi58_extracted,bfi59_extracted,bfi60_extracted,order,group_extracted
FG,220,3.6666666666666665,17,8,35,3.6666666666666665,4.083333333333333,4.0,4.0,2.4166666666666665,3.8333333333333335,4.25,4.0,4.0,4.25,4.25,3.5,4.0,4.0,4.0,3.0,2.0,2.25,4.0,3.5,4.0,5,5,4,2,4,4,5,4,2,4,4,3,4,2,4,4,4,4,2,3,4,4,4,2,4,4,5,4,3,4,4,4,4,4,3,4,4,4,2,4,4,2,4,2,4,4,4,4,4,4,4,4,4,2,4,4,4,4,2,4,0.0,0.0,0.0,0.0,0.5,0.0,0.0,0.0,0.5,0.0,0.0,0.5,0.0,1.0,0.5,0.0,0.0,0.5,1.0,1.0,0.0,1.0,1.0,1.0,0.0,1.0,0.0,0.0,1.0,1.0,1.0,0.0,0.0,0.0,1.0,0.5,0.0,0.0,1.0,0.0,0.0,0.0,0.0,1.0,0.0,0.0,0.0,0.0,1.0,1.0,0.5,0.0,0.0,1.0,0.0,0.0,0.5,0.0,1.0,0.0,2023-12-21 13:58:19.150346600,554244542443424444234442445434444434442442424444444442444424,5,5,4,2,4,4,5,4,2,4,4,3,4,2,4,4,4,4,2,3,4,4,4,2,4,4,5,4,3,4,4,4,4,4,3,4,4,4,2,4,4,2,4,2,4,4,4,4,4,4,4,4,4,2,4,4,4,4,2,4,104,FG
FG,224,3.733333333333333,0,0,60,3.733333333333333,3.5,4.5,5.0,2.833333333333333,2.833333333333333,4.5,1.5,4.5,5.0,5.0,3.5,5.0,5.0,5.0,3.5,1.75,3.25,3.75,2.0,2.75,4,5,5,3,2,3,5,5,4,5,5,3,5,1,3,4,5,5,3,4,1,5,5,1,3,5,3,5,4,2,5,5,5,4,1,1,5,5,1,4,3,3,5,4,3,5,5,5,4,1,1,5,5,1,3,5,5,5,4,3,0.0,0.0,0.0,0.0,0.0,0.0,0.0,0.0,0.0,0.0,0.0,0.0,0.0,0.0,0.0,0.0,0.0,0.0,0.0,0.0,0.0,0.0,0.0,0.0,0.0,0.0,0.0,0.0,0.0,0.0,0.0,0.0,0.0,0.0,0.0,0.0,0.0,0.0,0.0,0.0,0.0,0.0,0.0,0.0,0.0,0.0,0.0,0.0,0.0,0.0,0.0,0.0,0.0,0.0,0.0,0.0,0.0,0.0,0.0,0.0,2023-12-21 14:11:59.011450700,455323554553513455341551353542555411551433543555411551355543,4,5,5,3,2,3,5,5,4,5,5,3,5,1,3,4,5,5,3,4,1,5,5,1,3,5,3,5,4,2,5,5,5,4,1,1,5,5,1,4,3,3,5,4,3,5,5,5,4,1,1,5,5,1,3,5,5,5,4,3,105,FG
FG,226,3.7666666666666666,0,16,44,3.766666666666667,4.0,4.333333333333333,4.666666666666667,1.0833333333333333,4.75,3.75,3.75,4.5,3.75,5.0,4.25,4.25,5.0,4.75,1.25,1.0,1.0,5.0,4.75,4.5,5,3,4,1,4,4,5,5,1,5,5,5,5,1,4,4,3,4,1,5,3,5,5,1,5,4,3,4,1,5,3,5,4,1,5,5,5,5,1,5,4,4,5,1,5,3,4,5,2,5,3,5,5,1,5,5,5,5,1,4,0.0,0.0,0.5,0.0,0.0,0.0,0.0,0.5,0.0,0.0,0.0,0.0,0.0,0.0,0.0,0.5,0.5,0.5,0.0,0.0,0.0,0.0,0.5,0.0,0.0,0.5,0.0,0.5,0.0,0.0,0.0,0.0,0.5,0.0,0.0,0.0,0.0,0.5,0.0,0.0,0.5,0.5,0.5,0.0,0.0,0.0,0.0,0.5,0.0,0.0,0.0,0.0,0.5,0.0,0.0,0.0,0.0,0.5,0.0,0.0,2023-12-22 10:27:24.248711600,534144551555514434153551543415354155551544515345253551555514,5,3,4,1,4,4,5,5,1,5,5,5,5,1,4,4,3,4,1,5,3,5,5,1,5,4,3,4,1,5,3,5,4,1,5,5,5,5,1,5,4,4,5,1,5,3,4,5,2,5,3,5,5,1,5,5,5,5,1,4,106,FG
FG,219,3.65,10,19,31,3.65,3.6666666666666665,4.666666666666667,4.666666666666667,1.5,3.75,4.0,3.0,4.0,4.75,4.75,4.5,4.5,4.75,4.75,2.25,1.0,1.25,4.25,4.0,3.0,4,5,4,1,2,3,5,5,1,4,4,5,4,1,3,4,5,5,2,4,3,5,4,1,5,4,4,5,1,3,4,5,4,2,5,3,5,5,1,4,4,4,5,2,4,4,4,5,4,5,3,4,5,1,4,4,5,5,1,2,0.5,0.0,0.5,1.0,0.0,0.0,0.0,1.0,1.0,0.0,0.5,0.5,0.0,0.5,0.0,0.5,0.0,0.5,0.5,0.0,0.5,0.0,1.0,0.0,0.0,1.0,0.0,0.0,1.0,0.0,1.0,0.0,0.5,0.5,0.0,0.5,0.0,0.0,0.5,0.0,0.5,0.5,0.0,0.0,0.5,0.0,0.5,0.0,1.0,0.0,0.5,0.0,0.0,0.0,1.0,0.0,1.0,0.0,0.5,0.0,2024-01-25 12:55:24.930914500,454123551445413455243541544513454253551444524445453451445512,4,5,4,1,2,3,5,5,1,4,4,5,4,1,3,4,5,5,2,4,3,5,4,1,5,4,4,5,1,3,4,5,4,2,5,3,5,5,1,4,4,4,5,2,4,4,4,5,4,5,3,4,5,1,4,4,5,5,1,2,9,FG
FG,241,4.016666666666667,8,25,27,4.016666666666668,4.416666666666667,4.583333333333333,4.916666666666667,1.8333333333333333,4.333333333333333,4.5,4.0,4.75,4.5,4.75,4.5,5.0,5.0,4.75,2.25,1.5,1.75,3.75,4.75,4.5,5,4,5,1,5,4,4,5,1,4,5,5,4,1,4,4,5,5,1,5,4,5,5,1,4,4,4,5,2,5,5,4,5,3,5,4,5,5,2,3,5,4,5,2,4,4,5,5,4,4,4,5,5,2,4,5,5,5,2,5,0.5,0.0,0.5,1.0,0.0,0.5,0.0,0.5,1.0,0.5,0.0,0.5,0.0,0.0,0.5,0.5,0.0,0.5,1.0,0.5,1.0,0.0,1.0,1.0,0.5,0.5,0.0,0.5,0.5,0.5,0.5,0.0,0.0,0.5,0.0,0.0,0.0,0.5,1.0,0.5,0.5,0.5,0.0,0.0,0.0,0.5,0.0,0.0,0.0,0.0,1.0,0.0,0.5,0.5,0.0,0.0,0.0,0.0,0.0,0.5,2024-01-25 13:04:52.439095600,545154451455414455154551444525545354552354524455444552455525,5,4,5,1,5,4,4,5,1,4,5,5,4,1,4,4,5,5,1,5,4,5,5,1,4,4,4,5,2,5,5,4,5,3,5,4,5,5,2,3,5,4,5,2,4,4,5,5,4,4,4,5,5,2,4,5,5,5,2,5,12,FG
FG,201,3.35,0,2,58,3.35,2.833333333333333,4.333333333333333,4.166666666666667,2.1666666666666665,3.25,2.25,2.75,3.5,4.5,4.5,4.0,4.0,4.5,4.0,2.25,2.25,2.0,3.25,3.0,3.5,3,5,4,2,3,2,5,5,2,4,4,4,4,2,3,2,4,4,2,3,4,4,4,2,2,4,4,4,2,4,2,4,4,2,3,3,5,4,3,4,4,4,4,2,3,2,5,4,3,3,2,4,5,2,3,2,4,4,2,4,0.5,0.0,0.5,0.0,0.0,0.0,0.0,0.0,0.0,0.0,0.0,0.0,0.0,0.0,0.0,0.0,0.0,0.0,0.0,0.0,0.0,0.0,0.0,0.0,0.0,0.0,0.0,0.0,0.0,0.0,0.0,0.0,0.0,0.0,0.0,0.0,0.0,0.0,0.0,0.0,0.0,0.0,0.0,0.0,0.0,0.0,0.0,0.0,0.0,0.0,0.0,0.0,0.0,0.0,0.0,0.0,0.0,0.0,0.0,0.0,2024-01-25 13:49:26.016412200,354232552444423244234442244424244233543444423254332452324424,3,5,4,2,3,2,5,5,2,4,4,4,4,2,3,2,4,4,2,3,4,4,4,2,2,4,4,4,2,4,2,4,4,2,3,3,5,4,3,4,4,4,4,2,3,2,5,4,3,3,2,4,5,2,3,2,4,4,2,4,15,FG
FG,227,3.783333333333333,2,31,27,3.7833333333333328,4.333333333333333,4.166666666666667,4.833333333333333,1.5,4.083333333333333,4.25,4.25,4.5,4.25,4.5,3.75,4.75,5.0,4.75,1.75,1.5,1.25,4.0,3.75,4.5,5,4,5,1,2,5,5,5,2,5,5,4,5,1,5,4,5,4,3,5,4,5,5,2,1,4,4,5,2,4,4,4,5,1,4,4,4,5,1,5,4,4,4,1,5,4,4,5,2,4,4,4,5,1,5,5,3,5,1,4,0.5,0.5,0.5,0.0,0.5,0.5,0.0,0.5,0.0,0.5,0.0,0.5,0.0,0.5,0.0,0.5,0.5,0.0,0.0,0.0,0.0,0.5,1.0,0.0,1.0,0.5,0.5,0.0,0.5,0.5,0.5,0.0,0.0,0.0,0.5,0.5,0.5,0.5,0.5,0.0,0.0,0.0,0.0,0.5,0.0,0.0,0.5,0.5,0.0,0.0,0.5,0.0,0.5,0.5,0.5,0.0,0.5,0.5,0.0,0.0,2024-01-25 14:21:32.263667800,545125552554515454354552144524445144451544415445244451553514,5,4,5,1,2,5,5,5,2,5,5,4,5,1,5,4,5,4,3,5,4,5,5,2,1,4,4,5,2,4,4,4,5,1,4,4,4,5,1,5,4,4,4,1,5,4,4,5,2,4,4,4,5,1,5,5,3,5,1,4,16,FG
FG,197,3.283333333333333,1,2,57,3.2833333333333337,2.9166666666666665,4.5,4.083333333333333,1.8333333333333333,3.083333333333333,3.5,2.5,2.75,5.0,5.0,3.5,4.25,4.0,4.0,1.75,2.0,1.75,2.75,2.25,4.25,4,5,3,1,2,3,5,3,1,5,2,3,5,3,5,3,5,4,1,2,2,5,3,1,2,1,4,3,1,5,3,5,5,2,3,3,5,5,3,2,3,2,5,1,3,4,5,5,3,2,2,5,5,3,2,5,5,3,2,4,0.0,0.0,0.0,0.0,0.0,0.0,0.0,0.0,0.5,0.0,0.0,0.0,0.0,0.0,0.0,0.0,0.0,0.0,0.0,0.0,0.0,0.0,0.0,0.0,0.0,0.0,0.0,0.0,0.0,0.0,0.0,0.0,0.0,0.0,0.0,0.0,0.0,0.0,0.0,0.0,0.0,0.0,0.0,0.0,0.0,0.0,0.0,0.0,0.0,0.0,0.0,0.0,0.0,0.0,0.0,0.5,1.0,0.0,0.0,0.0,2024-01-25 15:41:56.969352600,453123531523535354122531214315355233553232513455322553255324,4,5,3,1,2,3,5,3,1,5,2,3,5,3,5,3,5,4,1,2,2,5,3,1,2,1,4,3,1,5,3,5,5,2,3,3,5,5,3,2,3,2,5,1,3,4,5,5,3,2,2,5,5,3,2,5,5,3,2,4,18,FG
FG,223,3.716666666666667,0,4,56,3.7166666666666655,3.6666666666666665,4.0,4.083333333333333,2.25,4.583333333333333,3.5,3.5,4.0,4.25,4.25,3.5,4.0,4.0,4.25,2.5,2.25,2.0,4.75,4.25,4.75,4,5,4,2,5,4,5,4,2,5,4,3,5,2,4,4,5,4,2,4,3,5,4,3,5,4,4,4,2,5,2,4,4,2,4,3,3,4,2,4,4,3,4,2,5,4,3,4,4,4,4,4,4,2,5,4,4,4,2,5,0.0,0.0,0.0,0.0,0.0,0.0,0.0,0.0,0.0,0.0,0.0,0.5,0.0,0.0,0.0,0.5,0.0,0.0,0.0,0.0,0.0,0.0,0.0,0.0,0.0,0.0,0.0,0.0,0.0,0.0,0.0,0.0,0.0,0.0,0.0,0.0,0.5,0.0,0.0,0.0,0.0,0.0,0.0,0.0,0.0,0.0,0.5,0.0,0.0,0.0,0.0,0.0,0.0,0.0,0.0,0.0,0.0,0.0,0.0,0.0,2024-01-29 15:21:36.293310400,454254542543524454243543544425244243342443425434444442544425,4,5,4,2,5,4,5,4,2,5,4,3,5,2,4,4,5,4,2,4,3,5,4,3,5,4,4,4,2,5,2,4,4,2,4,3,3,4,2,4,4,3,4,2,5,4,3,4,4,4,4,4,4,2,5,4,4,4,2,5,21,FG
FG,233,3.883333333333333,0,0,60,3.8833333333333337,4.0,4.166666666666667,4.5,2.1666666666666665,4.583333333333333,3.5,4.25,4.25,4.5,5.0,3.0,3.75,4.75,5.0,3.25,1.75,1.5,5.0,4.0,4.75,4,4,3,2,4,3,5,5,2,5,5,5,5,1,4,3,5,3,3,3,4,5,5,2,5,4,2,5,2,5,2,4,4,4,4,5,5,4,2,5,3,3,5,2,5,5,5,5,4,5,5,5,5,1,5,5,2,5,1,5,0.0,0.0,0.0,0.0,0.0,0.0,0.0,0.0,0.0,0.0,0.0,0.0,0.0,0.0,0.0,0.0,0.0,0.0,0.0,0.0,0.0,0.0,0.0,0.0,0.0,0.0,0.0,0.0,0.0,0.0,0.0,0.0,0.0,0.0,0.0,0.0,0.0,0.0,0.0,0.0,0.0,0.0,0.0,0.0,0.0,0.0,0.0,0.0,0.0,0.0,0.0,0.0,0.0,0.0,0.0,0.0,0.0,0.0,0.0,0.0,2024-01-29 15:27:59.505899500,443243552555514353334552542525244445542533525555455551552515,4,4,3,2,4,3,5,5,2,5,5,5,5,1,4,3,5,3,3,3,4,5,5,2,5,4,2,5,2,5,2,4,4,4,4,5,5,4,2,5,3,3,5,2,5,5,5,5,4,5,5,5,5,1,5,5,2,5,1,5,22,FG
FG,212,3.533333333333333,3,24,33,3.5333333333333328,3.9166666666666665,3.6666666666666665,4.416666666666667,1.9166666666666667,3.75,3.25,3.75,4.75,4.25,3.75,3.0,4.25,4.0,5.0,1.75,2.0,2.0,3.5,4.0,3.75,4,5,4,1,3,4,5,4,1,4,5,2,5,4,3,3,2,3,2,5,4,2,3,4,3,4,3,5,1,4,2,5,5,2,3,4,3,4,2,4,5,3,5,2,4,4,5,5,2,5,3,5,5,1,3,5,4,5,1,4,0.5,0.0,0.5,0.0,0.0,0.0,0.0,0.5,0.5,0.0,0.0,0.0,0.0,0.0,0.5,0.5,0.0,0.0,1.0,0.0,0.5,0.0,0.0,0.5,0.5,0.5,0.5,0.5,0.0,0.0,0.0,0.0,1.0,0.5,0.0,0.0,0.5,0.5,0.0,0.5,0.0,0.0,0.0,1.0,0.0,0.5,0.5,0.0,0.5,0.0,0.0,0.0,0.0,0.5,0.5,0.0,0.0,0.5,0.5,0.5,2024-01-29 15:46:19.949530400,454134541452543323254234343514255234342453524455253551354514,4,5,4,1,3,4,5,4,1,4,5,2,5,4,3,3,2,3,2,5,4,2,3,4,3,4,3,5,1,4,2,5,5,2,3,4,3,4,2,4,5,3,5,2,4,4,5,5,2,5,3,5,5,1,3,5,4,5,1,4,25,FG
FG,234,3.9,0,2,58,3.9,2.9166666666666665,4.666666666666667,4.416666666666667,3.5,4.0,3.0,1.75,4.0,4.75,5.0,4.25,4.75,4.25,4.25,4.0,3.25,3.25,4.25,4.25,3.5,4,5,5,3,4,2,5,4,4,4,5,4,4,3,3,2,5,4,4,4,1,5,5,2,4,3,5,4,4,4,2,4,5,5,4,2,5,4,4,5,4,4,4,2,4,4,5,5,4,5,2,5,4,3,4,4,4,5,4,3,0.0,0.0,0.0,0.0,0.0,0.0,0.0,0.0,0.0,0.0,0.0,0.0,0.0,0.0,0.0,0.0,0.0,0.0,0.0,0.0,0.0,0.0,0.0,0.0,0.0,0.0,0.0,0.0,0.0,0.0,0.0,0.0,0.0,0.0,0.0,0.5,0.0,0.0,0.0,0.0,0.5,0.0,0.0,0.0,0.0,0.0,0.0,0.0,0.0,0.0,0.0,0.0,0.0,0.0,0.0,0.0,0.0,0.0,0.0,0.0,2024-01-29 15:57:35.812171600,455342544454433254441552435444245542544544424455452543444543,4,5,5,3,4,2,5,4,4,4,5,4,4,3,3,2,5,4,4,4,1,5,5,2,4,3,5,4,4,4,2,4,5,5,4,2,5,4,4,5,4,4,4,2,4,4,5,5,4,5,2,5,4,3,4,4,4,5,4,3,26,FG
FG,224,3.733333333333333,0,5,55,3.733333333333333,3.8333333333333335,4.5,4.333333333333333,1.75,4.25,3.25,4.0,4.25,4.25,4.75,4.5,4.25,4.25,4.5,2.0,2.0,1.25,4.25,4.0,4.5,4,4,4,2,4,3,5,5,2,5,5,5,4,1,4,3,4,4,2,4,4,5,4,2,4,4,4,4,1,5,3,4,4,2,4,5,5,4,2,4,4,5,5,2,5,3,5,5,2,4,4,4,4,2,4,4,4,5,1,4,0.5,0.0,0.0,0.0,0.0,0.0,0.0,0.0,0.0,0.0,0.0,0.0,0.0,0.0,0.5,0.0,0.0,0.0,0.0,0.0,0.5,0.0,0.0,0.0,0.0,0.0,0.0,0.0,0.0,0.0,0.0,0.0,0.0,0.0,0.0,0.0,0.0,0.0,0.0,0.5,0.0,0.0,0.0,0.0,0.0,0.0,0.0,0.0,0.0,0.0,0.0,0.0,0.0,0.0,0.5,0.0,0.0,0.0,0.0,0.0,2024-01-30 10:36:10.914360800,444243552555414344244542444415344245542445525355244442444514,4,4,4,2,4,3,5,5,2,5,5,5,4,1,4,3,4,4,2,4,4,5,4,2,4,4,4,4,1,5,3,4,4,2,4,5,5,4,2,4,4,5,5,2,5,3,5,5,2,4,4,4,4,2,4,4,4,5,1,4,31,FG
FG,218,3.633333333333333,1,1,58,3.6333333333333337,3.4166666666666665,4.583333333333333,4.166666666666667,1.6666666666666667,4.333333333333333,3.5,2.5,4.25,4.75,4.0,5.0,4.0,4.25,4.25,1.75,1.5,1.75,4.5,4.25,4.25,4,4,4,2,4,2,5,5,2,5,5,5,5,1,4,3,5,4,1,5,2,5,3,2,5,4,5,3,2,4,3,5,4,2,4,3,1,4,1,4,4,5,5,2,5,4,5,4,2,4,3,5,5,1,4,4,5,4,2,4,0.0,0.0,0.5,0.0,0.0,0.0,0.0,0.0,0.0,0.0,0.0,0.0,0.0,0.0,0.0,0.0,0.0,0.0,0.0,0.0,0.0,0.0,0.0,0.0,0.0,0.0,0.0,0.0,0.0,0.0,0.0,0.0,0.0,0.0,0.0,0.0,1.0,0.0,0.0,0.0,0.0,0.0,0.0,0.0,0.0,0.0,0.0,0.0,0.0,0.0,0.0,0.0,0.0,0.0,0.0,0.0,0.0,0.0,0.0,0.0,2024-02-07 08:09:26.535300100,444242552555514354152532545324354243141445525454243551445424,4,4,4,2,4,2,5,5,2,5,5,5,5,1,4,3,5,4,1,5,2,5,3,2,5,4,5,3,2,4,3,5,4,2,4,3,1,4,1,4,4,5,5,2,5,4,5,4,2,4,3,5,5,1,4,4,5,4,2,4,34,FG
FG,206,3.433333333333333,0,0,60,3.4333333333333336,2.833333333333333,3.583333333333333,4.0,3.333333333333333,3.4166666666666665,3.0,2.25,3.25,4.0,3.5,3.25,4.0,4.0,4.0,4.0,3.0,3.0,3.25,4.0,3.0,4,4,4,4,4,2,4,4,3,4,3,3,4,4,2,3,4,4,4,4,2,4,4,3,4,4,4,4,3,4,2,4,4,4,4,3,2,4,3,3,3,2,4,3,3,3,4,4,4,4,2,4,4,3,2,3,4,4,2,3,0.0,0.0,0.0,0.0,0.0,0.0,0.0,0.0,0.0,0.0,0.0,0.0,0.0,0.0,0.0,0.0,0.0,0.0,0.0,0.0,0.0,0.0,0.0,0.0,0.0,0.0,0.0,0.0,0.0,0.0,0.0,0.0,0.0,0.0,0.0,0.0,0.0,0.0,0.0,0.0,0.0,0.0,0.0,0.0,0.0,0.0,0.0,0.0,0.0,0.0,0.0,0.0,0.0,0.0,0.0,0.0,0.0,0.0,0.0,0.0,2024-02-07 08:15:25.218924500,444442443433442344442443444434244443243332433344442443234423,4,4,4,4,4,2,4,4,3,4,3,3,4,4,2,3,4,4,4,4,2,4,4,3,4,4,4,4,3,4,2,4,4,4,4,3,2,4,3,3,3,2,4,3,3,3,4,4,4,4,2,4,4,3,2,3,4,4,2,3,35,FG
FG,218,3.633333333333333,0,8,52,3.6333333333333337,3.9166666666666665,4.166666666666667,4.0,1.0833333333333333,5.0,4.25,4.0,3.5,5.0,3.75,3.75,3.0,4.5,4.5,1.0,1.25,1.0,5.0,5.0,5.0,3,5,4,1,5,5,4,4,2,5,3,3,5,1,5,5,5,4,1,5,4,4,4,1,5,4,5,3,1,5,4,5,2,1,5,4,3,5,1,5,3,3,5,1,5,5,5,2,1,5,3,4,5,1,5,4,4,5,1,5,0.0,0.0,0.5,0.0,0.0,0.0,0.0,0.5,0.0,0.0,0.0,0.0,0.0,0.0,0.0,0.0,0.0,0.5,0.0,0.0,0.0,0.5,0.5,0.0,0.0,0.5,0.0,0.0,0.0,0.0,0.0,0.0,0.0,0.0,0.0,0.0,0.0,0.0,0.0,0.0,0.0,0.0,0.5,0.0,0.0,0.0,0.0,0.0,0.0,0.0,0.0,0.0,0.0,0.0,0.0,0.5,0.0,0.0,0.0,0.0,2024-02-07 08:40:57.529147600,354155442533515554154441545315452154351533515552153451544515,3,5,4,1,5,5,4,4,2,5,3,3,5,1,5,5,5,4,1,5,4,4,4,1,5,4,5,3,1,5,4,5,2,1,5,4,3,5,1,5,3,3,5,1,5,5,5,2,1,5,3,4,5,1,5,4,4,5,1,5,36,FG
FG,231,3.85,6,15,39,3.85,3.8333333333333335,4.166666666666667,4.5,1.8333333333333333,4.916666666666667,3.25,4.25,4.0,4.25,4.5,3.75,4.5,4.25,4.75,2.25,1.5,1.75,4.75,5.0,5.0,4,4,4,1,5,4,5,4,1,4,4,4,5,2,5,3,4,5,3,5,5,4,4,1,5,4,4,4,2,5,3,4,5,3,5,4,5,5,2,5,4,3,5,1,5,3,5,4,2,5,4,4,4,2,5,4,4,5,2,5,1.0,0.0,0.5,0.0,0.0,0.0,0.0,0.5,0.5,0.0,1.0,1.0,0.0,0.0,0.0,0.0,0.0,0.0,0.0,0.0,0.5,0.0,0.5,0.5,0.0,1.0,0.5,1.0,0.0,0.0,0.0,0.0,0.5,0.0,0.0,0.5,0.5,0.0,0.5,0.0,0.0,0.0,0.0,0.0,0.0,0.0,0.5,0.5,1.0,0.0,0.0,0.0,0.0,0.5,0.0,0.0,0.5,0.0,0.0,0.0,2024-02-07 15:18:36.308500700,444154541444525345355441544425345354552543515354254442544525,4,4,4,1,5,4,5,4,1,4,4,4,5,2,5,3,4,5,3,5,5,4,4,1,5,4,4,4,2,5,3,4,5,3,5,4,5,5,2,5,4,3,5,1,5,3,5,4,2,5,4,4,4,2,5,4,4,5,2,5,37,FG
FG,220,3.6666666666666665,0,0,60,3.666666666666667,4.416666666666667,4.25,4.666666666666667,1.5,3.5,4.5,4.25,4.5,3.75,4.5,4.5,4.5,4.75,4.75,1.5,1.5,1.5,3.5,3.0,4.0,4,4,5,2,2,4,4,5,2,4,5,5,4,1,4,5,2,4,1,3,4,5,5,2,4,5,4,5,2,3,5,4,4,1,3,5,5,4,1,2,4,5,5,2,5,4,5,5,2,4,4,4,5,1,4,4,4,5,1,4,0.0,0.0,0.0,0.0,0.0,0.0,0.0,0.0,0.0,0.0,0.0,0.0,0.0,0.0,0.0,0.0,0.0,0.0,0.0,0.0,0.0,0.0,0.0,0.0,0.0,0.0,0.0,0.0,0.0,0.0,0.0,0.0,0.0,0.0,0.0,0.0,0.0,0.0,0.0,0.0,0.0,0.0,0.0,0.0,0.0,0.0,0.0,0.0,0.0,0.0,0.0,0.0,0.0,0.0,0.0,0.0,0.0,0.0,0.0,0.0,2024-02-07 15:19:26.885194200,445224452455414524134552454523544135541245525455244451444514,4,4,5,2,2,4,4,5,2,4,5,5,4,1,4,5,2,4,1,3,4,5,5,2,4,5,4,5,2,3,5,4,4,1,3,5,5,4,1,2,4,5,5,2,5,4,5,5,2,4,4,4,5,1,4,4,4,5,1,4,38,FG
FG,218,3.633333333333333,12,20,28,3.633333333333333,4.0,3.9166666666666665,4.416666666666667,1.6666666666666667,4.166666666666667,3.75,4.0,4.25,4.0,4.25,3.5,4.5,4.5,4.25,2.0,1.25,1.75,4.5,4.0,4.0,4,4,5,1,4,4,5,5,1,5,5,3,5,2,4,3,4,4,1,4,4,4,4,2,4,4,4,4,1,4,4,4,5,2,4,4,4,4,1,4,4,3,4,2,4,4,4,4,4,4,4,4,5,1,5,4,4,4,2,4,0.5,0.0,1.0,0.5,0.0,0.5,0.0,1.0,0.0,0.0,0.5,0.0,0.0,1.0,0.0,0.0,0.0,0.0,1.0,0.0,0.0,0.5,0.5,0.0,0.0,1.0,0.0,1.0,1.0,0.0,1.0,0.5,0.5,1.0,0.0,0.5,0.5,0.0,1.0,0.0,0.5,0.0,0.0,0.5,0.0,0.5,0.5,0.5,1.0,0.0,0.0,0.0,0.5,1.0,0.0,0.5,0.5,0.5,0.5,0.0,2024-03-01 17:51:29.683401300,445144551553524344144442444414445244441443424444444451544424,4,4,5,1,4,4,5,5,1,5,5,3,5,2,4,3,4,4,1,4,4,4,4,2,4,4,4,4,1,4,4,4,5,2,4,4,4,4,1,4,4,3,4,2,4,4,4,4,4,4,4,4,5,1,5,4,4,4,2,4,40,FG
FG,239,3.983333333333333,0,0,60,3.983333333333333,4.0,4.416666666666667,4.416666666666667,2.5,4.583333333333333,4.25,4.25,3.5,4.5,4.25,4.5,4.5,4.0,4.75,2.75,2.0,2.75,4.75,4.25,4.75,4,4,4,3,4,4,5,4,2,5,5,4,5,2,5,4,5,5,3,5,5,4,2,2,5,2,5,5,3,4,4,5,4,3,4,4,4,5,2,5,3,4,5,3,5,5,4,5,2,4,4,4,5,2,4,4,5,4,3,5,0.0,0.0,0.0,0.0,0.0,0.0,0.0,0.0,0.0,0.0,0.0,0.0,0.0,0.0,0.0,0.0,0.0,0.0,0.0,0.0,0.0,0.0,0.0,0.0,0.0,0.0,0.0,0.0,0.0,0.0,0.0,0.0,0.0,0.0,0.0,0.0,0.0,0.0,0.0,0.0,0.0,0.0,0.0,0.0,0.0,0.0,0.0,0.0,0.0,0.0,0.0,0.0,0.0,0.0,0.0,0.0,0.0,0.0,0.0,0.0,2024-03-04 10:17:09.448246800,444344542554525455355422525534454344452534535545244452445435,4,4,4,3,4,4,5,4,2,5,5,4,5,2,5,4,5,5,3,5,5,4,2,2,5,2,5,5,3,4,4,5,4,3,4,4,4,5,2,5,3,4,5,3,5,5,4,5,2,4,4,4,5,2,4,4,5,4,3,5,42,FG
FG,241,4.016666666666667,9,14,37,4.016666666666668,4.333333333333333,4.666666666666667,4.916666666666667,1.5,4.666666666666667,4.0,4.25,4.75,4.5,5.0,4.5,4.75,5.0,5.0,1.5,1.5,1.5,4.25,4.75,5.0,5,3,5,2,5,3,5,5,2,4,4,5,5,1,5,4,5,5,2,4,4,5,5,2,4,5,4,5,1,5,3,5,4,1,5,5,5,5,1,4,5,5,5,1,5,4,5,5,1,5,5,5,5,1,5,5,4,5,3,5,1.0,0.0,0.0,0.0,0.5,0.5,0.0,0.0,0.0,0.0,1.0,0.5,0.0,0.5,0.0,1.0,0.0,0.0,0.0,1.0,0.5,0.0,0.0,0.0,0.5,0.5,1.0,0.0,0.5,0.0,1.0,0.5,0.0,0.0,1.0,0.5,0.0,0.0,0.0,0.0,0.0,0.5,0.0,0.0,0.0,1.0,0.5,0.0,0.0,1.0,0.5,0.0,0.0,0.0,0.0,0.0,0.5,0.0,0.0,0.0,2024-03-04 10:37:50.220611700,535253552445515455244552454515354155551455515455155551554535,5,3,5,2,5,3,5,5,2,4,4,5,5,1,5,4,5,5,2,4,4,5,5,2,4,5,4,5,1,5,3,5,4,1,5,5,5,5,1,4,5,5,5,1,5,4,5,5,1,5,5,5,5,1,5,5,4,5,3,5,43,FG
FG,206,3.433333333333333,0,0,60,3.4333333333333336,3.4166666666666665,4.083333333333333,3.75,1.75,4.166666666666667,3.5,3.0,3.75,4.0,4.25,4.0,4.0,3.5,3.75,1.75,1.5,2.0,4.5,3.75,4.25,4,5,4,2,3,3,4,4,2,5,4,4,4,2,4,3,3,4,1,3,3,5,3,1,3,3,4,4,2,4,4,4,4,2,4,3,4,3,2,5,4,4,4,2,5,3,4,4,2,5,3,4,4,1,5,4,4,3,2,4,0.0,0.0,0.0,0.0,0.0,0.0,0.0,0.0,0.0,0.0,0.0,0.0,0.0,0.0,0.0,0.0,0.0,0.0,0.0,0.0,0.0,0.0,0.0,0.0,0.0,0.0,0.0,0.0,0.0,0.0,0.0,0.0,0.0,0.0,0.0,0.0,0.0,0.0,0.0,0.0,0.0,0.0,0.0,0.0,0.0,0.0,0.0,0.0,0.0,0.0,0.0,0.0,0.0,0.0,0.0,0.0,0.0,0.0,0.0,0.0,2024-03-04 12:24:21.677310600,454233442544424334133531334424444243432544425344253441544324,4,5,4,2,3,3,4,4,2,5,4,4,4,2,4,3,3,4,1,3,3,5,3,1,3,3,4,4,2,4,4,4,4,2,4,3,4,3,2,5,4,4,4,2,5,3,4,4,2,5,3,4,4,1,5,4,4,3,2,4,45,FG
FG,199,3.316666666666667,0,0,60,3.3166666666666664,2.75,3.6666666666666665,3.75,3.083333333333333,3.333333333333333,2.5,3.0,2.75,4.0,4.0,3.0,3.25,4.0,4.0,3.25,3.0,3.0,3.0,3.25,3.75,3,4,4,3,2,3,4,4,2,4,3,4,4,2,4,2,4,3,2,3,2,4,4,2,2,2,2,4,3,4,2,4,2,4,4,3,4,4,4,2,2,2,4,3,4,3,4,4,4,4,4,4,4,4,4,4,4,4,4,3,0.0,0.0,0.0,0.0,0.0,0.0,0.0,0.0,0.0,0.0,0.0,0.0,0.0,0.0,0.0,0.0,0.0,0.0,0.0,0.0,0.0,0.0,0.0,0.0,0.0,0.0,0.0,0.0,0.0,0.0,0.0,0.0,0.0,0.0,0.0,0.0,0.0,0.0,0.0,0.0,0.0,0.0,0.0,0.0,0.0,0.0,0.0,0.0,0.0,0.0,0.0,0.0,0.0,0.0,0.0,0.0,0.0,0.0,0.0,0.0,2024-03-04 15:24:47.190531800,344323442434424243232442222434242443444222434344444444444443,3,4,4,3,2,3,4,4,2,4,3,4,4,2,4,2,4,3,2,3,2,4,4,2,2,2,2,4,3,4,2,4,2,4,4,3,4,4,4,2,2,2,4,3,4,3,4,4,4,4,4,4,4,4,4,4,4,4,4,3,46,FG
FG,193,3.216666666666667,0,0,60,3.2166666666666663,2.583333333333333,3.583333333333333,3.6666666666666665,2.6666666666666665,3.583333333333333,2.25,2.25,3.25,3.5,4.25,3.0,3.75,3.5,3.75,3.25,2.25,2.5,3.25,4.0,3.5,3,4,3,2,4,2,4,4,2,4,3,3,3,2,3,2,2,4,4,4,2,5,3,2,2,4,4,4,3,4,2,4,4,3,4,3,4,3,3,4,2,2,4,3,4,2,4,4,4,4,2,4,4,2,3,4,3,4,2,3,0.0,0.0,0.0,0.0,0.0,0.0,0.0,0.0,0.0,0.0,0.0,0.0,0.0,0.0,0.0,0.0,0.0,0.0,0.0,0.0,0.0,0.0,0.0,0.0,0.0,0.0,0.0,0.0,0.0,0.0,0.0,0.0,0.0,0.0,0.0,0.0,0.0,0.0,0.0,0.0,0.0,0.0,0.0,0.0,0.0,0.0,0.0,0.0,0.0,0.0,0.0,0.0,0.0,0.0,0.0,0.0,0.0,0.0,0.0,0.0,2024-03-15 13:22:13.399200600,343242442433323224442532244434244343433422434244442442343423,3,4,3,2,4,2,4,4,2,4,3,3,3,2,3,2,2,4,4,4,2,5,3,2,2,4,4,4,3,4,2,4,4,3,4,3,4,3,3,4,2,2,4,3,4,2,4,4,4,4,2,4,4,2,3,4,3,4,2,3,48,FG
FG,216,3.6,0,0,60,3.6,3.6666666666666665,4.833333333333333,4.666666666666667,1.0833333333333333,3.75,4.5,2.25,4.25,4.75,5.0,4.75,5.0,4.25,4.75,1.0,1.25,1.0,4.75,3.5,3.0,4,4,5,1,3,2,5,2,2,5,5,5,5,1,2,5,5,5,1,5,3,5,5,1,5,2,5,5,1,3,4,5,5,1,4,2,5,5,1,5,5,4,5,1,4,5,5,5,1,2,2,5,5,1,4,5,5,4,1,3,0.0,0.0,0.0,0.0,0.0,0.0,0.0,0.0,0.0,0.0,0.0,0.0,0.0,0.0,0.0,0.0,0.0,0.0,0.0,0.0,0.0,0.0,0.0,0.0,0.0,0.0,0.0,0.0,0.0,0.0,0.0,0.0,0.0,0.0,0.0,0.0,0.0,0.0,0.0,0.0,0.0,0.0,0.0,0.0,0.0,0.0,0.0,0.0,0.0,0.0,0.0,0.0,0.0,0.0,0.0,0.0,0.0,0.0,0.0,0.0,2024-03-15 13:28:54.643956100,445132522555512555153551525513455142551554514555122551455413,4,4,5,1,3,2,5,2,2,5,5,5,5,1,2,5,5,5,1,5,3,5,5,1,5,2,5,5,1,3,4,5,5,1,4,2,5,5,1,5,5,4,5,1,4,5,5,5,1,2,2,5,5,1,4,5,5,4,1,3,50,FG
FG,187,3.1166666666666667,0,5,55,3.1166666666666663,3.083333333333333,4.583333333333333,3.583333333333333,1.9166666666666667,2.4166666666666665,3.0,2.5,3.75,5.0,5.0,3.75,2.5,4.0,4.25,2.75,1.25,1.75,3.25,1.75,2.25,4,5,3,2,1,2,5,4,2,4,4,4,5,2,3,2,5,2,3,2,2,5,4,1,4,3,4,4,2,2,3,5,2,3,2,4,5,4,1,4,4,3,4,2,2,3,5,3,3,2,2,5,4,1,1,4,4,4,1,2,0.0,0.0,0.5,0.0,0.0,0.0,0.0,0.0,0.0,0.0,0.0,0.0,0.0,0.0,0.5,0.0,0.0,0.5,0.0,0.5,0.0,0.0,0.0,0.0,0.0,0.5,0.0,0.0,0.0,0.0,0.0,0.0,0.0,0.0,0.0,0.0,0.0,0.0,0.0,0.0,0.0,0.0,0.0,0.0,0.0,0.0,0.0,0.0,0.0,0.0,0.0,0.0,0.0,0.0,0.0,0.0,0.0,0.0,0.0,0.0,2024-03-15 13:38:42.649606100,453212542444523252322541434422352324541443422353322541144412,4,5,3,2,1,2,5,4,2,4,4,4,5,2,3,2,5,2,3,2,2,5,4,1,4,3,4,4,2,2,3,5,2,3,2,4,5,4,1,4,4,3,4,2,2,3,5,3,3,2,2,5,4,1,1,4,4,4,1,2,49,FG
FG,201,3.35,0,5,55,3.35,3.6666666666666665,3.083333333333333,3.583333333333333,2.333333333333333,4.083333333333333,3.75,3.25,4.0,4.5,3.25,1.5,3.0,3.0,4.75,3.25,2.0,1.75,4.0,4.0,4.25,4,4,3,4,4,4,4,3,4,4,5,2,5,3,4,3,4,3,2,4,4,3,2,2,4,4,2,5,2,4,4,5,3,5,4,2,2,3,1,4,3,1,5,1,5,4,5,3,2,4,3,4,4,1,4,4,1,4,1,4,0.0,0.0,0.5,0.0,0.0,0.0,0.5,0.0,0.0,0.0,0.0,0.0,0.0,0.0,0.5,0.0,0.0,0.0,0.0,0.0,0.0,0.5,0.0,0.0,0.0,0.0,0.0,0.0,0.0,0.0,0.0,0.0,0.0,0.0,0.0,0.0,0.0,0.0,0.0,0.0,0.0,0.0,0.0,0.0,0.0,0.0,0.0,0.0,0.0,0.0,0.0,0.0,0.0,0.0,0.0,0.0,0.5,0.0,0.0,0.0,2024-03-15 14:25:50.609560400,443444434452534343244322442524453542231431515453243441441414,4,4,3,4,4,4,4,3,4,4,5,2,5,3,4,3,4,3,2,4,4,3,2,2,4,4,2,5,2,4,4,5,3,5,4,2,2,3,1,4,3,1,5,1,5,4,5,3,2,4,3,4,4,1,4,4,1,4,1,4,51,FG
FG,239,3.983333333333333,1,6,53,3.983333333333333,4.25,4.416666666666667,5.0,2.1666666666666665,4.083333333333333,4.75,3.5,4.5,4.75,4.25,4.25,5.0,5.0,5.0,2.5,1.75,2.25,4.0,4.0,4.25,5,5,5,2,4,4,4,5,2,5,5,5,5,2,4,4,5,5,2,4,4,5,5,1,4,4,4,5,2,4,5,4,5,2,4,4,4,5,2,3,5,4,5,3,5,5,5,5,4,4,2,4,5,2,4,4,4,5,2,4,0.0,0.0,0.0,0.5,0.0,0.5,0.0,0.0,0.0,0.0,0.0,0.0,0.0,0.0,0.0,0.0,0.0,0.0,0.0,0.0,0.0,0.0,0.0,0.0,0.0,0.0,0.0,0.0,0.0,0.0,0.0,0.0,0.0,0.5,0.0,0.5,0.0,0.0,0.0,0.0,0.0,0.0,0.0,0.0,0.0,0.0,0.0,0.0,0.5,0.0,1.0,0.0,0.0,0.0,0.0,0.0,0.0,0.0,0.5,0.0,2024-03-15 14:39:29.416440000,555244452555524455244551444524545244452354535555442452444524,5,5,5,2,4,4,4,5,2,5,5,5,5,2,4,4,5,5,2,4,4,5,5,1,4,4,4,5,2,4,5,4,5,2,4,4,4,5,2,3,5,4,5,3,5,5,5,5,4,4,2,4,5,2,4,4,4,5,2,4,52,FG
FG,210,3.5,1,9,50,3.5,3.583333333333333,3.6666666666666665,3.6666666666666665,2.75,3.8333333333333335,3.25,3.25,4.25,4.0,4.0,3.0,3.25,3.5,4.25,3.25,3.0,2.0,4.5,3.5,3.5,3,4,2,3,4,2,4,3,3,5,4,3,5,2,4,3,4,4,3,4,4,4,3,3,5,5,4,4,2,2,3,4,3,4,4,4,4,4,3,4,4,2,4,2,4,4,4,4,3,2,3,4,4,3,4,4,3,4,2,4,0.0,0.0,0.0,0.0,0.5,0.0,0.0,0.0,0.0,0.0,0.0,0.0,0.0,0.0,0.0,0.5,0.0,0.0,0.0,0.5,0.0,0.0,0.0,0.0,0.0,0.0,0.0,0.5,0.0,0.0,1.0,0.0,0.0,0.0,0.0,0.5,0.0,0.0,0.0,0.0,0.0,0.0,0.0,0.0,0.0,0.5,0.0,0.0,0.0,0.0,0.0,0.0,0.5,0.5,0.0,0.0,0.0,0.0,0.0,0.5,2024-03-15 14:48:16.418800200,342342433543524344344433554422343444443442424444323443443424,3,4,2,3,4,2,4,3,3,5,4,3,5,2,4,3,4,4,3,4,4,4,3,3,5,5,4,4,2,2,3,4,3,4,4,4,4,4,3,4,4,2,4,2,4,4,4,4,3,2,3,4,4,3,4,4,3,4,2,4,53,FG
FG,233,3.883333333333333,19,19,22,3.883333333333334,4.0,4.416666666666667,4.916666666666667,1.5833333333333333,4.5,3.5,3.75,4.75,5.0,5.0,3.25,4.75,5.0,5.0,2.0,1.75,1.0,4.0,4.75,4.75,4,5,5,2,4,3,5,5,2,5,5,5,5,1,4,3,5,5,1,5,3,5,5,2,5,5,3,5,1,5,4,5,4,3,5,4,5,5,2,4,4,2,5,1,5,3,5,5,2,5,5,5,5,1,2,5,3,5,1,5,1.0,0.0,0.0,1.0,0.0,1.0,0.0,0.5,0.5,0.0,0.5,0.5,0.0,0.5,1.0,0.5,0.0,0.0,1.0,0.0,1.0,0.0,0.5,1.0,0.5,0.5,1.0,0.0,0.5,0.5,1.0,0.5,1.0,1.0,0.0,1.0,0.0,0.5,1.0,0.0,0.5,0.0,0.0,0.0,0.0,1.0,0.0,1.0,1.0,0.5,1.0,0.0,0.5,0.5,0.0,0.5,1.0,0.0,0.5,1.0,2024-03-15 14:49:03.255369600,455243552555514355153552553515454354552442515355255551253515,4,5,5,2,4,3,5,5,2,5,5,5,5,1,4,3,5,5,1,5,3,5,5,2,5,5,3,5,1,5,4,5,4,3,5,4,5,5,2,4,4,2,5,1,5,3,5,5,2,5,5,5,5,1,2,5,3,5,1,5,54,FG
FG,190,3.1666666666666665,0,0,60,3.166666666666667,3.9166666666666665,3.083333333333333,2.75,2.583333333333333,3.5,3.75,4.25,3.75,3.0,3.5,2.75,1.5,3.5,3.25,3.5,2.0,2.25,2.5,3.5,4.5,4,3,1,3,3,4,3,2,2,4,4,2,4,2,4,3,3,3,4,4,5,4,2,2,1,4,3,3,2,4,4,3,1,4,4,4,2,5,3,2,3,2,4,2,5,4,3,1,3,3,4,5,5,1,3,4,4,2,3,5,0.0,0.0,0.0,0.0,0.0,0.0,0.0,0.0,0.0,0.0,0.0,0.0,0.0,0.0,0.0,0.0,0.0,0.0,0.0,0.0,0.0,0.0,0.0,0.0,0.0,0.0,0.0,0.0,0.0,0.0,0.0,0.0,0.0,0.0,0.0,0.0,0.0,0.0,0.0,0.0,0.0,0.0,0.0,0.0,0.0,0.0,0.0,0.0,0.0,0.0,0.0,0.0,0.0,0.0,0.0,0.0,0.0,0.0,0.0,0.0,2024-03-15 14:53:05.316921400,431334322442424333445422143324431444253232425431334551344235,4,3,1,3,3,4,3,2,2,4,4,2,4,2,4,3,3,3,4,4,5,4,2,2,1,4,3,3,2,4,4,3,1,4,4,4,2,5,3,2,3,2,4,2,5,4,3,1,3,3,4,5,5,1,3,4,4,2,3,5,55,FG
FG,248,4.133333333333334,4,10,46,4.133333333333333,2.6666666666666665,4.5,5.0,3.5,5.0,1.5,2.0,4.5,5.0,5.0,3.5,5.0,5.0,5.0,4.25,3.5,2.75,5.0,5.0,5.0,1,5,5,3,5,1,5,5,3,5,4,5,5,2,5,1,5,5,4,5,1,5,5,3,5,5,4,5,4,5,1,5,5,5,5,4,5,5,4,5,4,2,5,1,5,3,5,5,5,5,2,5,5,4,5,5,3,5,4,5,0.0,0.0,0.0,0.5,0.0,0.0,0.0,0.0,0.5,0.0,0.0,0.5,0.5,1.0,0.0,0.0,0.0,0.0,0.0,0.0,0.0,0.0,0.0,1.0,0.0,0.0,1.0,0.0,1.0,0.0,0.0,0.0,0.0,0.0,0.0,0.5,0.0,0.0,0.0,0.0,0.0,0.0,0.0,0.5,0.0,0.5,0.0,0.0,0.0,0.5,0.0,0.0,0.0,0.0,0.0,0.5,0.5,0.0,0.0,0.0,2024-03-15 14:57:37.292360900,155351553545525155451553554545155554554542515355552554553545,1,5,5,3,5,1,5,5,3,5,4,5,5,2,5,1,5,5,4,5,1,5,5,3,5,5,4,5,4,5,1,5,5,5,5,4,5,5,4,5,4,2,5,1,5,3,5,5,5,5,2,5,5,4,5,5,3,5,4,5,56,FG
FG,250,4.166666666666667,1,20,39,4.166666666666667,4.666666666666667,5.0,4.916666666666667,1.3333333333333333,4.916666666666667,4.75,4.25,5.0,5.0,5.0,5.0,4.75,5.0,5.0,2.0,1.0,1.0,5.0,4.75,5.0,5,5,5,1,4,4,5,5,1,5,5,5,5,1,5,4,5,4,1,5,3,5,5,1,5,5,5,5,1,5,5,5,5,1,5,5,5,5,1,5,5,5,5,1,5,5,5,5,5,5,5,5,5,1,5,5,5,5,1,5,0.5,0.0,0.5,0.0,0.0,0.5,0.0,0.5,0.5,0.0,0.0,0.0,0.0,0.5,0.0,0.0,0.0,0.0,0.0,0.0,0.0,0.0,0.5,0.0,0.0,0.0,0.0,0.5,0.5,0.5,0.5,0.0,0.5,0.5,0.0,0.0,0.0,0.0,0.5,0.0,0.0,0.0,0.0,0.5,0.0,0.0,0.0,0.0,1.0,0.0,0.5,0.0,0.0,0.5,0.0,0.0,0.0,0.5,0.5,0.5,2024-03-15 15:13:51.598263800,555144551555515454153551555515555155551555515555555551555515,5,5,5,1,4,4,5,5,1,5,5,5,5,1,5,4,5,4,1,5,3,5,5,1,5,5,5,5,1,5,5,5,5,1,5,5,5,5,1,5,5,5,5,1,5,5,5,5,5,5,5,5,5,1,5,5,5,5,1,5,58,FG
H,230,3.8333333333333335,0,8,52,3.8333333333333335,2.833333333333333,4.75,4.916666666666667,2.083333333333333,4.583333333333333,3.0,1.75,3.75,5.0,5.0,4.25,5.0,4.75,5.0,3.5,1.25,1.5,4.25,5.0,4.5,3,5,5,4,5,1,5,5,2,4,4,5,5,1,4,3,5,5,2,5,1,5,5,1,5,4,4,5,2,5,3,5,5,3,5,3,5,4,1,4,3,4,5,2,5,3,5,5,5,5,2,5,5,1,4,4,4,5,1,4,0.0,0.0,0.0,0.5,0.0,0.0,0.0,0.5,0.5,0.0,0.5,0.0,0.0,0.5,0.0,0.0,0.0,0.0,0.0,0.0,0.0,0.0,0.5,0.5,0.0,0.0,0.0,0.0,0.0,0.0,0.0,0.0,0.0,0.5,0.0,0.0,0.0,0.0,0.0,0.0,0.0,0.0,0.0,0.0,0.0,0.0,0.0,0.0,0.0,0.0,0.0,0.0,0.0,0.0,0.0,0.0,0.0,0.0,0.0,0.0,2023-12-21 15:58:26.221315000,355451552445514355251551544525355353541434525355552551444514,3,5,5,4,5,1,5,5,2,4,4,5,5,1,4,3,5,5,2,5,1,5,5,1,5,4,4,5,2,5,3,5,5,3,5,3,5,4,1,4,3,4,5,2,5,3,5,5,5,5,2,5,5,1,4,4,4,5,1,4,107,H
H,236,3.933333333333333,0,0,60,3.9333333333333336,4.083333333333333,4.75,4.166666666666667,1.75,4.916666666666667,4.0,4.0,4.25,5.0,5.0,4.25,3.5,4.5,4.5,2.0,1.75,1.5,4.75,5.0,5.0,4,5,4,2,5,4,5,4,2,5,4,4,5,2,5,4,5,2,2,5,4,5,4,1,4,4,5,4,1,5,4,5,4,2,5,4,5,5,2,5,4,4,5,1,5,4,5,4,2,5,4,5,5,2,5,5,4,4,2,5,0.0,0.0,0.0,0.0,0.0,0.0,0.0,0.0,0.0,0.0,0.0,0.0,0.0,0.0,0.0,0.0,0.0,0.0,0.0,0.0,0.0,0.0,0.0,0.0,0.0,0.0,0.0,0.0,0.0,0.0,0.0,0.0,0.0,0.0,0.0,0.0,0.0,0.0,0.0,0.0,0.0,0.0,0.0,0.0,0.0,0.0,0.0,0.0,0.0,0.0,0.0,0.0,0.0,0.0,0.0,0.0,0.0,0.0,0.0,0.0,2023-12-22 09:32:29.070487800,454254542544525452254541445415454254552544515454254552554425,4,5,4,2,5,4,5,4,2,5,4,4,5,2,5,4,5,2,2,5,4,5,4,1,4,4,5,4,1,5,4,5,4,2,5,4,5,5,2,5,4,4,5,1,5,4,5,4,2,5,4,5,5,2,5,5,4,4,2,5,108,H
H,183,3.05,1,6,53,3.05,1.9166666666666667,3.4166666666666665,3.1666666666666665,3.1666666666666665,3.583333333333333,1.75,2.0,2.0,3.25,4.0,3.0,4.0,2.75,2.75,3.0,3.25,3.25,4.5,3.75,2.5,2,4,4,3,3,4,5,2,3,5,3,2,4,4,2,1,3,4,3,5,1,4,2,3,5,1,4,1,2,3,1,4,4,4,4,1,2,3,3,4,1,2,4,4,2,3,2,4,2,3,2,5,4,4,4,3,4,2,3,3,0.0,0.0,0.5,0.0,0.0,0.0,0.0,0.5,0.0,0.0,0.0,0.0,0.0,0.0,0.0,0.0,0.0,0.0,0.0,0.0,0.5,0.5,0.0,0.0,0.0,0.0,0.5,0.0,0.5,0.0,0.0,0.0,0.0,0.0,0.0,0.0,0.0,0.0,0.0,0.0,0.0,0.0,0.0,0.0,0.0,0.0,0.0,0.0,1.0,0.0,0.0,0.0,0.0,0.0,0.0,0.0,0.0,0.0,0.0,0.0,2023-12-29 14:04:59.990400100,244334523532442134351423514123144441233412442324232544434233,2,4,4,3,3,4,5,2,3,5,3,2,4,4,2,1,3,4,3,5,1,4,2,3,5,1,4,1,2,3,1,4,4,4,4,1,2,3,3,4,1,2,4,4,2,3,2,4,2,3,2,5,4,4,4,3,4,2,3,3,110,H
H,179,2.9833333333333334,0,7,53,2.9833333333333334,2.4166666666666665,3.0,2.833333333333333,3.0,3.6666666666666665,1.75,3.25,2.25,3.0,3.25,2.75,3.0,2.25,3.25,3.5,3.0,2.5,4.0,3.5,3.5,2,3,3,3,5,3,4,2,3,5,3,2,4,3,4,1,4,3,3,2,3,2,1,3,3,2,4,2,2,4,1,3,3,4,4,4,2,3,3,3,2,2,4,2,2,3,2,3,4,3,3,5,3,3,5,2,3,3,3,4,0.0,0.0,0.0,0.0,0.5,0.0,0.0,0.0,0.0,0.0,0.5,0.0,0.0,0.0,0.0,0.0,0.0,0.0,0.0,0.5,0.0,0.0,0.0,0.0,0.0,0.0,0.0,0.0,0.0,0.0,0.0,0.0,0.0,0.5,0.0,0.5,0.0,0.0,0.0,0.0,0.0,0.0,0.5,0.0,0.0,0.0,0.0,0.0,0.0,0.0,0.0,0.0,0.0,0.0,0.0,0.5,0.0,0.0,0.0,0.0,2024-01-25 18:10:04.890841400,233353423532434143323213324224133444233322422323433533523334,2,3,3,3,5,3,4,2,3,5,3,2,4,3,4,1,4,3,3,2,3,2,1,3,3,2,4,2,2,4,1,3,3,4,4,4,2,3,3,3,2,2,4,2,2,3,2,3,4,3,3,5,3,3,5,2,3,3,3,4,8,H
H,210,3.5,0,5,55,3.5,3.25,4.166666666666667,3.083333333333333,2.5,4.5,3.5,3.25,3.0,4.5,4.0,4.0,2.75,3.25,3.25,3.25,2.0,2.25,4.0,4.75,4.75,4,5,3,3,5,3,4,3,2,5,4,3,4,2,4,2,5,3,3,5,3,4,3,2,3,2,5,3,2,5,3,4,2,4,5,4,4,3,2,3,2,3,4,3,5,5,4,3,3,4,3,4,4,2,5,4,5,2,2,5,0.0,0.0,0.0,0.0,0.0,0.0,0.0,0.0,0.0,0.0,0.0,0.0,0.0,0.5,0.0,0.5,0.0,0.0,0.0,0.0,0.0,0.0,0.0,0.5,0.0,0.0,0.0,0.0,0.0,0.0,0.0,0.0,0.0,0.0,0.0,0.0,0.5,0.0,0.0,0.0,0.0,0.0,0.0,0.0,0.0,0.0,0.0,0.0,0.0,0.0,0.0,0.0,0.0,0.0,0.0,0.5,0.0,0.0,0.0,0.0,2024-01-25 18:12:45.678030600,453353432543424253353432325325342454432323435543343442545225,4,5,3,3,5,3,4,3,2,5,4,3,4,2,4,2,5,3,3,5,3,4,3,2,3,2,5,3,2,5,3,4,2,4,5,4,4,3,2,3,2,3,4,3,5,5,4,3,3,4,3,4,4,2,5,4,5,2,2,5,10,H
H,209,3.4833333333333334,0,16,44,3.4833333333333334,3.75,4.0,3.75,2.583333333333333,3.333333333333333,3.25,4.0,4.0,4.25,4.5,3.25,3.25,4.25,3.75,3.0,2.5,2.25,3.5,2.5,4.0,4,4,3,2,2,4,5,3,2,4,4,2,4,3,4,2,5,4,4,2,4,4,4,2,3,4,4,4,2,4,3,4,3,3,2,4,4,5,3,4,4,3,4,2,4,4,4,3,3,4,4,5,5,3,3,4,4,3,2,4,0.0,0.0,0.5,0.0,0.0,0.0,0.0,0.0,0.0,0.0,0.0,0.0,0.0,0.5,0.0,0.0,0.0,0.0,0.0,0.0,0.0,0.0,0.5,0.0,0.5,0.0,0.0,0.5,0.0,0.0,0.0,0.0,0.0,0.5,0.0,0.0,0.5,0.0,0.5,0.5,0.0,0.5,0.0,0.5,0.0,0.0,0.0,0.5,0.5,0.5,0.0,0.0,0.0,0.0,0.5,0.0,0.0,0.5,0.0,0.0,2024-01-25 18:14:23.051493200,443224532442434254424442344424343324453443424443344553344324,4,4,3,2,2,4,5,3,2,4,4,2,4,3,4,2,5,4,4,2,4,4,4,2,3,4,4,4,2,4,3,4,3,3,2,4,4,5,3,4,4,3,4,2,4,4,4,3,3,4,4,5,5,3,3,4,4,3,2,4,9,H
H,218,3.633333333333333,0,0,60,3.6333333333333337,2.9166666666666665,3.75,4.083333333333333,2.75,4.666666666666667,2.0,3.5,3.25,4.0,4.25,3.0,4.0,3.75,4.5,3.5,3.0,1.75,5.0,5.0,4.0,2,4,4,3,5,4,5,3,3,5,4,4,5,2,4,2,4,4,3,5,4,4,3,3,5,3,3,3,1,4,2,4,3,4,5,3,3,4,3,5,2,2,5,2,4,2,4,5,4,5,3,5,5,3,5,4,3,5,2,4,0.0,0.0,0.0,0.0,0.0,0.0,0.0,0.0,0.0,0.0,0.0,0.0,0.0,0.0,0.0,0.0,0.0,0.0,0.0,0.0,0.0,0.0,0.0,0.0,0.0,0.0,0.0,0.0,0.0,0.0,0.0,0.0,0.0,0.0,0.0,0.0,0.0,0.0,0.0,0.0,0.0,0.0,0.0,0.0,0.0,0.0,0.0,0.0,0.0,0.0,0.0,0.0,0.0,0.0,0.0,0.0,0.0,0.0,0.0,0.0,2024-01-26 10:15:11.396002300,244354533544524244354433533314243453343522524245453553543524,2,4,4,3,5,4,5,3,3,5,4,4,5,2,4,2,4,4,3,5,4,4,3,3,5,3,3,3,1,4,2,4,3,4,5,3,3,4,3,5,2,2,5,2,4,2,4,5,4,5,3,5,5,3,5,4,3,5,2,4,17,H
H,219,3.65,0,1,59,3.65,3.583333333333333,4.166666666666667,4.0,2.333333333333333,4.166666666666667,3.75,3.0,4.0,4.0,4.5,4.0,3.5,4.25,4.25,3.0,2.0,2.0,4.0,4.5,4.0,4,4,4,3,5,4,5,5,2,5,4,4,4,2,4,3,4,3,4,5,2,4,4,2,4,4,4,4,2,4,4,4,3,3,4,4,5,4,2,3,4,4,4,2,4,4,4,4,2,4,2,4,4,2,4,4,4,5,2,4,0.0,0.0,0.0,0.0,0.0,0.0,0.0,0.0,0.0,0.0,0.0,0.0,0.0,0.0,0.0,0.0,0.0,0.0,0.0,0.0,0.0,0.0,0.5,0.0,0.0,0.0,0.0,0.0,0.0,0.0,0.0,0.0,0.0,0.0,0.0,0.0,0.0,0.0,0.0,0.0,0.0,0.0,0.0,0.0,0.0,0.0,0.0,0.0,0.0,0.0,0.0,0.0,0.0,0.0,0.0,0.0,0.0,0.0,0.0,0.0,2024-01-26 10:20:34.979189700,444354552544424343452442444424443344542344424444242442444524,4,4,4,3,5,4,5,5,2,5,4,4,4,2,4,3,4,3,4,5,2,4,4,2,4,4,4,4,2,4,4,4,3,3,4,4,5,4,2,3,4,4,4,2,4,4,4,4,2,4,2,4,4,2,4,4,4,5,2,4,16,H
H,203,3.3833333333333333,0,2,58,3.3833333333333337,2.1666666666666665,3.4166666666666665,3.9166666666666665,3.5,3.9166666666666665,1.25,1.75,3.5,2.5,5.0,2.75,3.0,4.0,4.75,5.0,3.0,2.5,3.25,4.5,4.0,2,2,3,5,5,2,5,3,3,4,2,1,5,2,3,1,2,3,5,4,1,5,4,2,2,5,2,4,4,5,1,3,2,5,4,2,5,4,4,3,4,4,5,2,5,1,3,4,5,5,2,5,5,3,4,3,4,5,2,3,0.0,0.0,0.0,0.0,0.0,0.0,0.0,0.0,0.0,0.0,0.0,0.0,0.0,0.0,0.0,0.0,0.0,0.0,0.0,0.0,0.0,0.0,0.5,0.0,0.0,0.0,0.0,0.0,0.0,0.0,0.0,0.0,0.0,0.0,0.0,0.0,0.0,0.0,0.0,0.0,0.0,0.0,0.0,0.5,0.0,0.0,0.0,0.0,0.0,0.0,0.0,0.0,0.0,0.0,0.0,0.0,0.0,0.0,0.0,0.0,2024-01-29 08:56:53.766129700,223552533421523123541542252445132542544344525134552553434523,2,2,3,5,5,2,5,3,3,4,2,1,5,2,3,1,2,3,5,4,1,5,4,2,2,5,2,4,4,5,1,3,2,5,4,2,5,4,4,3,4,4,5,2,5,1,3,4,5,5,2,5,5,3,4,3,4,5,2,3,19,H
H,216,3.6,0,8,52,3.6,3.25,4.583333333333333,3.9166666666666665,1.75,4.5,3.0,3.0,3.75,4.5,5.0,4.25,3.5,3.75,4.5,2.5,1.25,1.5,4.75,4.75,4.0,4,4,3,3,4,2,5,4,2,5,4,4,5,1,4,2,4,4,3,5,3,5,3,1,5,4,4,4,2,4,2,5,3,2,5,4,5,4,1,4,3,4,4,2,4,4,5,4,2,5,3,5,4,1,5,4,5,5,1,4,0.0,0.0,0.5,0.0,0.0,0.0,0.0,0.0,0.0,0.0,0.0,0.0,0.0,0.0,0.0,0.5,0.0,0.5,0.0,0.0,0.0,0.0,0.5,0.0,0.0,0.0,0.0,0.5,0.0,0.0,0.5,0.0,0.0,0.0,0.0,0.0,0.0,0.5,0.0,0.0,0.0,0.0,0.0,0.0,0.0,0.5,0.0,0.0,0.0,0.0,0.0,0.0,0.0,0.0,0.0,0.0,0.0,0.0,0.0,0.0,2024-01-29 09:14:07.709407100,443342542544514244353531544424253254541434424454253541545514,4,4,3,3,4,2,5,4,2,5,4,4,5,1,4,2,4,4,3,5,3,5,3,1,5,4,4,4,2,4,2,5,3,2,5,4,5,4,1,4,3,4,4,2,4,4,5,4,2,5,3,5,4,1,5,4,5,5,1,4,20,H
H,207,3.45,0,2,58,3.45,2.6666666666666665,4.5,3.6666666666666665,3.333333333333333,3.083333333333333,2.5,2.0,3.5,4.75,4.5,4.25,3.0,3.25,4.75,3.5,3.0,3.5,3.0,3.5,2.75,3,5,2,3,2,1,5,3,3,4,4,4,5,3,4,2,5,4,3,4,1,5,3,2,4,3,4,5,4,2,2,5,2,4,4,4,4,3,4,2,3,4,4,3,2,3,4,4,4,4,2,4,4,3,2,4,5,5,4,3,0.0,0.0,0.0,0.0,0.0,0.0,0.0,0.0,0.0,0.0,0.5,0.0,0.0,0.0,0.0,0.0,0.0,0.0,0.0,0.0,0.0,0.0,0.0,0.0,0.0,0.0,0.0,0.0,0.0,0.0,0.0,0.0,0.0,0.0,0.0,0.0,0.0,0.0,0.0,0.0,0.0,0.0,0.0,0.0,0.0,0.0,0.0,0.0,0.0,0.0,0.0,0.0,0.0,0.0,0.0,0.5,0.0,0.0,0.0,0.0,2024-01-29 09:21:54.889954500,352321533444534254341532434542252444434234432344442443245543,3,5,2,3,2,1,5,3,3,4,4,4,5,3,4,2,5,4,3,4,1,5,3,2,4,3,4,5,4,2,2,5,2,4,4,4,4,3,4,2,3,4,4,3,2,3,4,4,4,4,2,4,4,3,2,4,5,5,4,3,21,H
H,184,3.066666666666667,0,0,60,3.0666666666666664,2.75,3.75,4.5,1.6666666666666667,2.6666666666666665,2.5,2.75,3.0,3.25,4.25,3.75,4.75,5.0,3.75,1.75,1.25,2.0,3.0,2.25,2.75,3,3,5,1,2,2,4,5,1,3,4,4,3,2,3,2,3,5,2,2,3,4,5,2,3,2,4,4,2,2,2,3,4,2,3,3,5,5,1,3,3,3,4,2,3,3,4,5,2,2,3,4,5,1,3,3,4,4,2,3,0.0,0.0,0.0,0.0,0.0,0.0,0.0,0.0,0.0,0.0,0.0,0.0,0.0,0.0,0.0,0.0,0.0,0.0,0.0,0.0,0.0,0.0,0.0,0.0,0.0,0.0,0.0,0.0,0.0,0.0,0.0,0.0,0.0,0.0,0.0,0.0,0.0,0.0,0.0,0.0,0.0,0.0,0.0,0.0,0.0,0.0,0.0,0.0,0.0,0.0,0.0,0.0,0.0,0.0,0.0,0.0,0.0,0.0,0.0,0.0,2024-01-29 09:24:06.548580300,335122451344323235223452324422234233551333423345223451334423,3,3,5,1,2,2,4,5,1,3,4,4,3,2,3,2,3,5,2,2,3,4,5,2,3,2,4,4,2,2,2,3,4,2,3,3,5,5,1,3,3,3,4,2,3,3,4,5,2,2,3,4,5,1,3,3,4,4,2,3,22,H
H,208,3.466666666666667,0,0,60,3.4666666666666672,4.0,3.9166666666666665,4.083333333333333,1.8333333333333333,3.5,3.5,4.25,4.25,3.25,4.25,4.25,4.25,4.5,3.5,2.0,1.75,1.75,4.25,3.0,3.25,4,4,4,1,2,4,5,4,2,5,4,5,1,1,4,3,1,4,2,4,4,4,4,2,4,5,4,4,2,1,4,4,5,3,4,4,4,5,2,5,4,4,4,2,4,3,4,4,2,2,5,4,5,1,3,4,4,5,2,4,0.0,0.0,0.0,0.0,0.0,0.0,0.0,0.0,0.0,0.0,0.0,0.0,0.0,0.0,0.0,0.0,0.0,0.0,0.0,0.0,0.0,0.0,0.0,0.0,0.0,0.0,0.0,0.0,0.0,0.0,0.0,0.0,0.0,0.0,0.0,0.0,0.0,0.0,0.0,0.0,0.0,0.0,0.0,0.0,0.0,0.0,0.0,0.0,0.0,0.0,0.0,0.0,0.0,0.0,0.0,0.0,0.0,0.0,0.0,0.0,2024-01-29 10:10:27.385273700,444124542545114314244442454421445344452544424344225451344524,4,4,4,1,2,4,5,4,2,5,4,5,1,1,4,3,1,4,2,4,4,4,4,2,4,5,4,4,2,1,4,4,5,3,4,4,4,5,2,5,4,4,4,2,4,3,4,4,2,2,5,4,5,1,3,4,4,5,2,4,23,H
H,236,3.933333333333333,0,12,48,3.9333333333333327,3.6666666666666665,4.833333333333333,4.833333333333333,2.1666666666666665,4.166666666666667,3.25,3.0,4.75,4.75,5.0,4.75,4.75,5.0,4.75,2.5,1.75,2.25,4.25,3.75,4.5,4,4,5,2,4,2,5,5,3,4,5,4,5,2,4,3,5,4,3,3,3,5,5,1,4,4,5,4,2,5,2,5,5,3,4,4,5,5,2,4,5,5,5,3,5,4,5,5,2,4,3,5,5,1,5,5,5,5,2,4,0.0,0.0,0.0,0.0,0.0,0.5,0.0,0.0,0.5,0.0,0.0,0.0,0.0,0.5,0.0,0.5,0.0,0.0,0.5,0.5,0.5,0.0,0.0,0.0,0.5,0.0,0.0,0.0,0.0,0.0,0.5,0.0,0.0,0.5,0.0,0.0,0.0,0.0,0.0,0.0,0.0,0.0,0.0,0.5,0.0,0.0,0.0,0.0,0.0,0.0,0.5,0.0,0.0,0.0,0.0,0.0,0.0,0.0,0.0,0.0,2024-02-06 14:32:30.540007700,445242553454524354333551445425255344552455535455243551555524,4,4,5,2,4,2,5,5,3,4,5,4,5,2,4,3,5,4,3,3,3,5,5,1,4,4,5,4,2,5,2,5,5,3,4,4,5,5,2,4,5,5,5,3,5,4,5,5,2,4,3,5,5,1,5,5,5,5,2,4,24,H
H,219,3.65,0,6,54,3.65,3.6666666666666665,3.5,3.4166666666666665,3.1666666666666665,4.5,3.5,3.5,4.0,3.75,3.25,3.5,3.25,3.75,3.25,3.5,3.0,3.0,5.0,4.5,4.0,4,4,3,3,4,4,4,4,2,5,4,3,4,3,4,4,4,3,4,5,4,3,3,3,5,4,5,3,3,4,2,4,3,3,5,3,2,4,4,5,4,3,3,3,4,4,3,4,4,4,3,4,4,3,5,4,3,3,3,4,0.5,0.0,0.0,0.0,0.0,0.0,0.0,0.0,0.0,0.0,0.0,0.0,0.5,0.0,0.0,0.0,0.0,0.0,0.0,0.0,0.0,0.0,0.5,0.0,0.0,0.0,0.0,0.0,0.0,0.0,0.0,0.0,0.0,0.0,0.0,0.5,0.0,0.0,0.0,0.0,0.0,0.0,0.0,0.0,0.0,0.0,0.0,0.0,0.0,0.0,0.0,0.0,0.0,0.5,0.0,0.0,0.5,0.0,0.0,0.0,2024-02-06 15:13:18.903286700,443344442543434443454333545334243353244543334434443443543334,4,4,3,3,4,4,4,4,2,5,4,3,4,3,4,4,4,3,4,5,4,3,3,3,5,4,5,3,3,4,2,4,3,3,5,3,2,4,4,5,4,3,3,3,4,4,3,4,4,4,3,4,4,3,5,4,3,3,3,4,27,H
H,182,3.033333333333333,0,0,60,3.033333333333333,2.4166666666666665,3.25,2.5,3.9166666666666665,3.083333333333333,2.0,2.25,3.0,3.0,4.0,2.75,2.25,2.25,3.0,3.75,4.0,4.0,3.0,2.25,4.0,1,4,2,4,4,3,4,2,4,3,3,1,3,5,4,2,3,3,3,2,1,5,1,3,2,3,4,2,4,4,2,2,2,4,2,3,3,3,4,4,3,2,4,3,4,3,3,2,4,1,2,4,3,5,3,3,4,3,4,4,0.0,0.0,0.0,0.0,0.0,0.0,0.0,0.0,0.0,0.0,0.0,0.0,0.0,0.0,0.0,0.0,0.0,0.0,0.0,0.0,0.0,0.0,0.0,0.0,0.0,0.0,0.0,0.0,0.0,0.0,0.0,0.0,0.0,0.0,0.0,0.0,0.0,0.0,0.0,0.0,0.0,0.0,0.0,0.0,0.0,0.0,0.0,0.0,0.0,0.0,0.0,0.0,0.0,0.0,0.0,0.0,0.0,0.0,0.0,0.0,2024-02-07 16:43:16.055165200,142443424331354233321513234244222423334432434332412435334344,1,4,2,4,4,3,4,2,4,3,3,1,3,5,4,2,3,3,3,2,1,5,1,3,2,3,4,2,4,4,2,2,2,4,2,3,3,3,4,4,3,2,4,3,4,3,3,2,4,1,2,4,3,5,3,3,4,3,4,4,29,H
H,250,4.166666666666667,0,2,58,4.166666666666666,4.833333333333333,4.416666666666667,3.9166666666666665,2.9166666666666665,4.75,5.0,5.0,4.5,4.75,4.75,3.75,4.25,3.0,4.5,3.25,2.25,3.25,5.0,4.75,4.5,5,5,4,4,4,5,5,3,2,5,5,4,5,3,4,5,5,4,2,5,5,4,1,2,5,4,3,4,3,4,5,4,4,3,5,5,5,4,2,5,4,4,5,3,5,5,5,5,4,5,5,5,4,3,5,5,4,4,4,5,0.0,0.0,0.0,0.0,0.0,0.0,0.0,0.0,0.0,0.0,0.0,0.0,0.0,0.0,0.0,0.0,0.0,0.0,0.0,0.0,0.0,0.0,0.0,0.5,0.0,0.0,0.5,0.0,0.0,0.0,0.0,0.0,0.0,0.0,0.0,0.0,0.0,0.0,0.0,0.0,0.0,0.0,0.0,0.0,0.0,0.0,0.0,0.0,0.0,0.0,0.0,0.0,0.0,0.0,0.0,0.0,0.0,0.0,0.0,0.0,2024-02-07 17:16:44.471760000,554445532554534554255412543434544355542544535555455543554445,5,5,4,4,4,5,5,3,2,5,5,4,5,3,4,5,5,4,2,5,5,4,1,2,5,4,3,4,3,4,5,4,4,3,5,5,5,4,2,5,4,4,5,3,5,5,5,5,4,5,5,5,4,3,5,5,4,4,4,5,30,H
H,229,3.816666666666667,1,3,56,3.8166666666666655,4.083333333333333,4.25,4.0,2.333333333333333,4.416666666666667,3.5,4.5,4.25,4.0,4.75,4.0,3.5,4.0,4.5,2.5,1.75,2.75,4.0,4.5,4.75,4,5,4,3,5,4,5,4,3,5,4,4,5,2,4,3,1,3,2,5,4,5,4,2,4,5,3,4,3,5,3,5,3,3,4,5,5,5,1,3,4,4,5,4,5,4,5,4,2,4,5,4,3,1,4,4,5,4,2,5,0.0,0.0,0.5,0.0,0.0,0.0,0.0,0.0,0.0,0.0,0.0,0.0,0.0,0.0,0.0,0.0,1.0,0.0,0.0,0.0,0.0,0.0,0.0,0.0,0.0,0.0,0.5,0.0,0.0,0.0,0.0,0.0,0.0,0.0,0.0,0.0,0.0,0.0,0.0,0.0,0.0,0.0,0.0,0.0,0.0,0.0,0.0,0.5,0.0,0.0,0.0,0.0,0.0,0.0,0.0,0.0,0.0,0.0,0.0,0.0,2024-03-01 13:57:52.641823500,454354543544524313254542453435353345551344545454245431445425,4,5,4,3,5,4,5,4,3,5,4,4,5,2,4,3,1,3,2,5,4,5,4,2,4,5,3,4,3,5,3,5,3,3,4,5,5,5,1,3,4,4,5,4,5,4,5,4,2,4,5,4,3,1,4,4,5,4,2,5,31,H
H,214,3.566666666666667,0,13,47,3.5666666666666664,3.75,4.083333333333333,4.25,1.9166666666666667,3.8333333333333335,4.0,3.75,3.5,4.5,4.75,3.0,4.25,4.5,4.0,1.75,2.0,2.0,3.5,3.75,4.25,4,4,4,1,2,4,5,5,2,4,2,2,4,2,5,4,5,5,2,5,3,4,3,2,3,4,2,4,2,4,4,5,4,2,4,4,5,5,2,3,4,4,4,2,4,4,4,4,2,4,4,5,5,2,4,4,4,4,2,4,0.0,0.0,0.0,0.0,0.0,0.0,0.0,0.0,0.0,0.5,0.5,0.5,0.0,0.0,0.5,0.0,0.0,0.5,0.0,0.0,0.0,0.0,0.0,0.0,0.0,0.0,0.0,0.0,0.5,0.5,0.5,0.5,0.5,0.0,0.0,0.0,0.0,0.0,0.0,0.0,0.0,0.0,0.0,0.0,0.0,0.0,0.0,0.0,0.0,0.0,0.0,0.0,0.0,0.0,0.5,0.5,0.0,0.0,0.0,0.5,2024-03-01 14:07:57.150737500,444124552422425455253432342424454244552344424444244552444424,4,4,4,1,2,4,5,5,2,4,2,2,4,2,5,4,5,5,2,5,3,4,3,2,3,4,2,4,2,4,4,5,4,2,4,4,5,5,2,3,4,4,4,2,4,4,4,4,2,4,4,5,5,2,4,4,4,4,2,4,32,H
H,220,3.6666666666666665,0,0,60,3.666666666666667,3.333333333333333,4.25,3.8333333333333335,2.9166666666666665,4.0,3.0,3.0,4.0,4.0,4.5,4.25,3.75,3.75,4.0,3.25,3.5,2.0,4.5,3.25,4.25,3,4,3,3,2,3,5,4,4,5,4,4,4,1,5,3,4,4,3,3,3,5,3,3,4,4,4,4,3,4,3,4,4,3,4,3,4,4,4,4,4,4,4,2,4,3,4,4,4,4,3,4,4,3,5,4,5,4,2,4,0.0,0.0,0.0,0.0,0.0,0.0,0.0,0.0,0.0,0.0,0.0,0.0,0.0,0.0,0.0,0.0,0.0,0.0,0.0,0.0,0.0,0.0,0.0,0.0,0.0,0.0,0.0,0.0,0.0,0.0,0.0,0.0,0.0,0.0,0.0,0.0,0.0,0.0,0.0,0.0,0.0,0.0,0.0,0.0,0.0,0.0,0.0,0.0,0.0,0.0,0.0,0.0,0.0,0.0,0.0,0.0,0.0,0.0,0.0,0.0,2024-03-01 15:20:37.476477100,343323544544415344333533444434344343444444424344443443545424,3,4,3,3,2,3,5,4,4,5,4,4,4,1,5,3,4,4,3,3,3,5,3,3,4,4,4,4,3,4,3,4,4,3,4,3,4,4,4,4,4,4,4,2,4,3,4,4,4,4,3,4,4,3,5,4,5,4,2,4,35,H
H,202,3.3666666666666667,0,0,60,3.3666666666666663,3.6666666666666665,3.9166666666666665,3.8333333333333335,1.3333333333333333,4.083333333333333,4.0,3.25,3.75,3.5,4.75,3.5,3.25,4.0,4.25,1.25,1.5,1.25,3.5,4.5,4.25,4,4,4,1,4,4,5,4,2,4,2,2,5,1,4,3,3,2,2,4,4,4,4,1,4,5,4,3,1,4,5,4,2,1,5,3,5,4,2,3,4,4,5,2,5,4,3,5,1,5,2,5,4,1,3,4,4,4,1,4,0.0,0.0,0.0,0.0,0.0,0.0,0.0,0.0,0.0,0.0,0.0,0.0,0.0,0.0,0.0,0.0,0.0,0.0,0.0,0.0,0.0,0.0,0.0,0.0,0.0,0.0,0.0,0.0,0.0,0.0,0.0,0.0,0.0,0.0,0.0,0.0,0.0,0.0,0.0,0.0,0.0,0.0,0.0,0.0,0.0,0.0,0.0,0.0,0.0,0.0,0.0,0.0,0.0,0.0,0.0,0.0,0.0,0.0,0.0,0.0,2024-03-01 15:20:38.055542200,444144542422514332244441454314542153542344525435152541344414,4,4,4,1,4,4,5,4,2,4,2,2,5,1,4,3,3,2,2,4,4,4,4,1,4,5,4,3,1,4,5,4,2,1,5,3,5,4,2,3,4,4,5,2,5,4,3,5,1,5,2,5,4,1,3,4,4,4,1,4,33,H
H,223,3.716666666666667,0,4,56,3.7166666666666672,2.333333333333333,4.5,3.8333333333333335,3.75,4.166666666666667,1.75,1.75,3.5,5.0,4.75,3.75,4.0,3.75,3.75,3.75,3.75,3.75,4.0,4.75,3.75,1,5,4,4,4,1,5,4,3,4,4,4,4,4,3,2,5,4,4,5,1,5,3,4,4,4,4,3,4,5,2,5,3,4,5,3,4,4,4,4,3,3,4,3,4,2,5,5,3,5,2,5,4,4,4,3,4,4,4,3,0.0,0.0,0.5,0.0,0.0,0.0,0.0,0.0,0.5,0.0,0.0,0.0,0.0,0.0,0.0,0.0,0.0,0.0,0.0,0.0,0.0,0.0,0.0,0.0,0.0,0.0,0.0,0.0,0.0,0.0,0.0,0.0,0.0,0.0,0.0,0.0,0.0,0.0,0.0,0.0,0.0,0.0,0.0,0.0,0.5,0.0,0.0,0.0,0.0,0.0,0.0,0.0,0.0,0.0,0.0,0.0,0.5,0.0,0.0,0.0,2024-03-06 08:43:11.957433400,154441543444443254451534444345253453444433434255352544434443,1,5,4,4,4,1,5,4,3,4,4,4,4,4,3,2,5,4,4,5,1,5,3,4,4,4,4,3,4,5,2,5,3,4,5,3,4,4,4,4,3,3,4,3,4,2,5,5,3,5,2,5,4,4,4,3,4,4,4,3,39,H
H,218,3.633333333333333,0,0,60,3.633333333333333,3.75,3.9166666666666665,4.666666666666667,2.6666666666666665,3.1666666666666665,3.0,4.0,4.25,4.75,4.25,2.75,5.0,4.5,4.5,3.25,1.75,3.0,3.5,2.25,3.75,4,5,5,3,2,4,5,4,2,4,5,3,5,4,4,2,5,5,4,2,4,4,4,2,4,4,2,4,3,3,2,4,5,4,3,4,4,5,1,4,4,2,5,3,4,4,5,5,2,2,4,4,5,2,2,4,4,4,2,4,0.0,0.0,0.0,0.0,0.0,0.0,0.0,0.0,0.0,0.0,0.0,0.0,0.0,0.0,0.0,0.0,0.0,0.0,0.0,0.0,0.0,0.0,0.0,0.0,0.0,0.0,0.0,0.0,0.0,0.0,0.0,0.0,0.0,0.0,0.0,0.0,0.0,0.0,0.0,0.0,0.0,0.0,0.0,0.0,0.0,0.0,0.0,0.0,0.0,0.0,0.0,0.0,0.0,0.0,0.0,0.0,0.0,0.0,0.0,0.0,2024-03-18 08:46:54.955184200,455324542453544255424442442433245434451442534455224452244424,4,5,5,3,2,4,5,4,2,4,5,3,5,4,4,2,5,5,4,2,4,4,4,2,4,4,2,4,3,3,2,4,5,4,3,4,4,5,1,4,4,2,5,3,4,4,5,5,2,2,4,4,5,2,2,4,4,4,2,4,45,H
H,250,4.166666666666667,0,2,58,4.166666666666667,3.8333333333333335,4.666666666666667,5.0,2.333333333333333,5.0,3.25,4.0,4.25,5.0,5.0,4.0,5.0,5.0,5.0,3.5,2.25,1.25,5.0,5.0,5.0,3,5,5,2,5,4,5,5,2,5,5,3,5,1,5,3,5,5,3,5,3,5,5,1,5,3,5,5,1,5,2,5,5,5,5,5,5,5,5,5,4,4,5,2,5,5,5,5,4,5,4,5,5,1,5,5,4,5,1,5,0.0,0.0,0.0,0.0,0.0,0.5,0.0,0.0,0.0,0.0,0.0,0.5,0.0,0.0,0.0,0.0,0.0,0.0,0.0,0.0,0.0,0.0,0.0,0.0,0.0,0.0,0.0,0.0,0.0,0.0,0.0,0.0,0.0,0.0,0.0,0.0,0.0,0.0,0.0,0.0,0.0,0.0,0.0,0.0,0.0,0.0,0.0,0.0,0.0,0.0,0.0,0.0,0.0,0.0,0.0,0.0,0.0,0.0,0.0,0.0,2024-03-18 08:50:34.305901800,355254552553515355353551535515255555555544525555454551554515,3,5,5,2,5,4,5,5,2,5,5,3,5,1,5,3,5,5,3,5,3,5,5,1,5,3,5,5,1,5,2,5,5,5,5,5,5,5,5,5,4,4,5,2,5,5,5,5,4,5,4,5,5,1,5,5,4,5,1,5,42,H
H,192,3.2,0,5,55,3.2,2.5,3.333333333333333,3.583333333333333,3.5,3.083333333333333,2.75,2.5,2.25,3.5,3.25,3.25,3.5,3.75,3.5,3.75,3.75,3.0,3.0,2.75,3.5,4,4,4,4,2,4,4,3,4,4,2,2,4,4,3,2,2,4,3,3,2,3,4,3,2,2,4,4,3,4,2,4,3,4,4,2,2,4,4,4,2,3,4,2,4,3,4,3,4,2,2,4,4,4,2,3,4,2,3,3,0.5,0.0,0.0,0.0,0.0,0.0,0.0,0.0,0.0,0.0,0.0,0.0,0.5,0.0,0.0,0.0,0.5,0.0,0.5,0.0,0.0,0.0,0.0,0.0,0.0,0.0,0.0,0.0,0.0,0.0,0.0,0.0,0.0,0.0,0.0,0.0,0.5,0.0,0.0,0.0,0.0,0.0,0.0,0.0,0.0,0.0,0.0,0.0,0.0,0.0,0.0,0.0,0.0,0.0,0.0,0.0,0.0,0.0,0.0,0.0,2024-03-18 08:58:39.496891600,444424434422443224332343224434243442244423424343422444234233,4,4,4,4,2,4,4,3,4,4,2,2,4,4,3,2,2,4,3,3,2,3,4,3,2,2,4,4,3,4,2,4,3,4,4,2,2,4,4,4,2,3,4,2,4,3,4,3,4,2,2,4,4,4,2,3,4,2,3,3,47,H
H,200,3.333333333333333,0,8,52,3.333333333333333,2.9166666666666665,4.416666666666667,3.083333333333333,2.9166666666666665,3.333333333333333,2.5,2.75,3.5,4.25,4.75,4.25,3.0,3.0,3.25,4.0,2.5,2.25,3.5,3.5,3.0,3,4,3,4,3,2,5,3,3,4,3,4,4,2,3,1,5,3,4,4,3,5,2,2,3,4,5,3,2,3,2,4,3,4,3,3,5,3,2,4,3,4,3,2,3,4,4,3,4,4,3,4,4,3,3,4,4,3,3,3,0.0,0.0,0.5,0.0,0.0,0.0,0.0,0.0,0.0,0.0,0.0,0.0,0.5,0.0,0.0,0.0,0.0,0.0,0.0,0.5,0.0,0.0,0.0,0.0,0.0,0.0,0.0,0.0,0.0,0.0,0.0,0.0,0.0,0.0,0.5,0.0,0.0,0.0,0.5,0.0,0.0,0.0,0.0,0.0,0.0,0.0,0.5,0.5,0.0,0.5,0.0,0.0,0.0,0.0,0.0,0.0,0.0,0.0,0.0,0.0,2024-03-18 09:39:20.309550200,343432533434423153443522345323243433532434323443443443344333,3,4,3,4,3,2,5,3,3,4,3,4,4,2,3,1,5,3,4,4,3,5,2,2,3,4,5,3,2,3,2,4,3,4,3,3,5,3,2,4,3,4,3,2,3,4,4,3,4,4,3,4,4,3,3,4,4,3,3,3,48,H
H,187,3.1166666666666667,0,1,59,3.1166666666666667,2.333333333333333,4.25,3.583333333333333,3.25,2.1666666666666665,2.0,1.75,3.25,4.75,5.0,3.0,3.75,2.75,4.25,3.5,2.25,4.0,2.25,1.75,2.5,2,5,2,4,1,2,5,1,3,2,5,4,4,4,2,1,4,4,2,2,1,5,2,2,1,1,4,4,4,2,1,5,5,4,2,3,5,4,2,4,3,2,4,4,4,4,5,4,4,2,1,5,4,2,2,4,2,5,4,2,0.0,0.0,0.0,0.0,0.0,0.0,0.0,0.0,0.0,0.0,0.0,0.0,0.0,0.0,0.0,0.0,0.0,0.0,0.0,0.0,0.0,0.0,0.0,0.0,0.0,0.0,0.0,0.0,0.0,0.0,0.0,0.0,0.0,0.0,0.0,0.0,0.0,0.0,0.0,0.0,0.0,0.0,0.0,0.0,0.5,0.0,0.0,0.0,0.0,0.0,0.0,0.0,0.0,0.0,0.0,0.0,0.0,0.0,0.0,0.0,2024-03-18 10:48:45.124575800,252412513254442144221522114442155423542432444454421542242542,2,5,2,4,1,2,5,1,3,2,5,4,4,4,2,1,4,4,2,2,1,5,2,2,1,1,4,4,4,2,1,5,5,4,2,3,5,4,2,4,3,2,4,4,4,4,5,4,4,2,1,5,4,2,2,4,2,5,4,2,50,H
H,203,3.3833333333333333,0,2,58,3.383333333333333,3.5,4.083333333333333,4.0,2.1666666666666665,3.1666666666666665,4.0,3.0,3.5,4.0,4.5,3.75,3.75,4.0,4.25,2.5,2.0,2.0,3.25,2.75,3.5,4,4,4,2,3,2,5,4,2,4,3,4,4,2,3,4,4,3,2,3,3,5,4,2,2,4,4,4,2,4,4,4,4,2,3,4,4,4,2,3,3,3,4,2,4,4,4,4,4,2,3,4,4,2,4,4,4,5,2,3,0.0,0.0,0.0,0.0,0.0,0.0,0.0,0.0,0.0,0.0,0.0,0.0,0.0,0.0,0.0,0.0,0.0,0.0,0.0,0.0,0.0,0.0,0.0,0.0,0.5,0.0,0.0,0.0,0.0,0.0,0.0,0.0,0.0,0.0,0.0,0.0,0.0,0.0,0.0,0.0,0.0,0.0,0.0,0.0,0.0,0.0,0.0,0.0,0.0,0.5,0.0,0.0,0.0,0.0,0.0,0.0,0.0,0.0,0.0,0.0,2024-03-18 11:14:06.719358900,444232542434423443233542244424444234442333424444423442444523,4,4,4,2,3,2,5,4,2,4,3,4,4,2,3,4,4,3,2,3,3,5,4,2,2,4,4,4,2,4,4,4,4,2,3,4,4,4,2,3,3,3,4,2,4,4,4,4,4,2,3,4,4,2,4,4,4,5,2,3,52,H
H,218,3.633333333333333,0,0,60,3.6333333333333337,3.5,3.583333333333333,3.5,3.5,4.083333333333333,3.5,4.5,2.5,4.25,3.75,2.75,4.75,2.5,3.25,3.0,3.25,4.25,4.0,4.25,4.0,5,4,5,2,5,5,5,2,3,4,4,3,4,5,4,3,4,4,4,4,4,4,1,1,5,1,3,2,5,5,3,4,5,4,4,4,2,4,5,4,1,2,4,3,4,3,5,5,2,4,5,4,3,4,3,4,3,3,4,3,0.0,0.0,0.0,0.0,0.0,0.0,0.0,0.0,0.0,0.0,0.0,0.0,0.0,0.0,0.0,0.0,0.0,0.0,0.0,0.0,0.0,0.0,0.0,0.0,0.0,0.0,0.0,0.0,0.0,0.0,0.0,0.0,0.0,0.0,0.0,0.0,0.0,0.0,0.0,0.0,0.0,0.0,0.0,0.0,0.0,0.0,0.0,0.0,0.0,0.0,0.0,0.0,0.0,0.0,0.0,0.0,0.0,0.0,0.0,0.0,2024-03-18 11:18:35.041044700,545255523443454344444411513255345444245412434355245434343343,5,4,5,2,5,5,5,2,3,4,4,3,4,5,4,3,4,4,4,4,4,4,1,1,5,1,3,2,5,5,3,4,5,4,4,4,2,4,5,4,1,2,4,3,4,3,5,5,2,4,5,4,3,4,3,4,3,3,4,3,53,H
H,211,3.5166666666666666,0,0,60,3.5166666666666666,3.5,4.083333333333333,2.833333333333333,3.0,4.166666666666667,3.5,3.25,3.75,4.75,4.25,3.25,2.75,2.75,3.0,3.25,3.0,2.75,4.25,4.25,4.0,4,5,3,3,4,3,5,3,3,4,4,3,3,4,4,3,4,3,3,4,4,3,2,2,5,3,4,2,2,4,3,5,3,3,4,3,4,3,4,4,4,2,4,2,4,4,5,2,4,5,3,5,3,3,4,4,4,3,3,4,0.0,0.0,0.0,0.0,0.0,0.0,0.0,0.0,0.0,0.0,0.0,0.0,0.0,0.0,0.0,0.0,0.0,0.0,0.0,0.0,0.0,0.0,0.0,0.0,0.0,0.0,0.0,0.0,0.0,0.0,0.0,0.0,0.0,0.0,0.0,0.0,0.0,0.0,0.0,0.0,0.0,0.0,0.0,0.0,0.0,0.0,0.0,0.0,0.0,0.0,0.0,0.0,0.0,0.0,0.0,0.0,0.0,0.0,0.0,0.0,2024-03-18 11:26:01.577843500,453343533443344343344322534224353343434442424452453533444334,4,5,3,3,4,3,5,3,3,4,4,3,3,4,4,3,4,3,3,4,4,3,2,2,5,3,4,2,2,4,3,5,3,3,4,3,4,3,4,4,4,2,4,2,4,4,5,2,4,5,3,5,3,3,4,4,4,3,3,4,57,H
H,236,3.933333333333333,0,1,59,3.9333333333333327,3.4166666666666665,4.25,4.416666666666667,2.9166666666666665,4.666666666666667,2.5,3.75,4.0,4.5,4.5,3.75,4.5,4.75,4.0,3.25,2.25,3.25,4.75,4.75,4.5,3,4,4,3,5,4,4,5,3,5,4,3,4,5,5,2,4,5,4,5,4,5,4,2,5,5,5,4,3,5,3,5,4,3,5,3,4,5,3,5,4,3,4,2,4,2,5,5,3,4,4,5,5,1,4,3,4,4,3,4,0.0,0.0,0.0,0.0,0.0,0.0,0.0,0.0,0.0,0.0,0.0,0.0,0.0,0.5,0.0,0.0,0.0,0.0,0.0,0.0,0.0,0.0,0.0,0.0,0.0,0.0,0.0,0.0,0.0,0.0,0.0,0.0,0.0,0.0,0.0,0.0,0.0,0.0,0.0,0.0,0.0,0.0,0.0,0.0,0.0,0.0,0.0,0.0,0.0,0.0,0.0,0.0,0.0,0.0,0.0,0.0,0.0,0.0,0.0,0.0,2024-03-18 11:47:28.279180100,344354453543455245454542555435354353453543424255344551434434,3,4,4,3,5,4,4,5,3,5,4,3,4,5,5,2,4,5,4,5,4,5,4,2,5,5,5,4,3,5,3,5,4,3,5,3,4,5,3,5,4,3,4,2,4,2,5,5,3,4,4,5,5,1,4,3,4,4,3,4,58,H
